date,BOVA11,ITUB4,PETR4,VALE3,Bitcoin,Ethereum
2021-01-04,114.08999634,19.42945480,7.80625677,51.41664124,165994.97347405,5400.78564748
2021-01-05,114.69000244,19.30369759,8.11137867,52.28239441,180000.11315763,5824.86232750
2021-01-06,115.55000305,19.86959267,8.12757969,53.99703979,194583.62006537,6378.50155140
2021-01-07,118.37000275,20.64299583,8.37059593,57.52187347,209174.41680195,6511.90526196
2021-01-08,120.40000153,20.63671875,8.40299797,57.34198761,220666.11469218,6621.43766323
2021-01-11,118.62000275,20.17142105,8.33279514,57.33074570,192493.43204607,5900.07183289
2021-01-12,119.44999695,20.23428917,8.27068710,55.76227951,186159.03224498,5726.05587638
2021-01-13,117.36000061,19.90103149,7.87106180,54.09260559,198575.28095614,6017.11672331
2021-01-14,118.68000031,20.49209785,7.95206594,54.98085022,207594.87597426,6454.75494570
2021-01-15,115.77999878,19.71868706,7.59294081,52.59159851,191337.23648322,6088.61798523
2021-01-18,116.54000092,19.61808014,7.57944012,53.01884460,193820.70511829,6652.64300900
2021-01-19,116.00000000,19.38543129,7.74685287,52.87830734,190982.39481449,7292.50605404
2021-01-20,115.23999786,19.06475639,7.61724281,51.90011215,190418.63041806,7404.42731409
2021-01-21,113.80999756,18.80694771,7.43902969,52.48477936,163083.36677320,5933.67115132
2021-01-22,113.18000031,18.40453148,7.31482220,52.37796402,176564.32823208,6614.72227321
2021-01-26,112.08000183,17.79366302,7.29051828,51.57967758,178010.50906423,7417.00090978
2021-01-27,111.58999634,17.79366302,7.39852762,50.14613342,162929.76397988,6709.31305124
2021-01-28,114.51000214,18.51170731,7.49573326,51.21426773,181138.60152745,7212.24726794
2021-01-29,110.55999756,17.85034943,7.20681238,49.44340897,186612.14155806,7518.14425107
2021-02-01,113.05999756,18.32616043,7.43363047,51.30983734,183139.81523770,7476.05674569
2021-02-02,113.84999847,17.93543053,7.73875141,49.28037643,192838.62583759,8228.25957303
2021-02-03,115.25000000,17.84720039,7.81435490,50.83760834,201108.95775310,8913.93538739
2021-02-04,114.62000275,17.77157021,7.78195381,50.19672775,197628.31613968,8535.17032249
2021-02-05,115.81999969,17.69595718,7.78735352,52.10812759,206959.58229615,9324.88439624
2021-02-08,115.18000031,17.36825180,7.59024191,52.85019684,248038.06964784,9377.93543797
2021-02-09,114.91000366,17.57621765,7.43632936,52.98510742,249338.58356918,9484.26993457
2021-02-10,113.91999817,17.45018005,7.50653696,53.23810196,241511.59433580,9378.27340114
2021-02-11,114.90000153,17.45018005,7.58214092,52.33861542,257986.96651441,9605.57387425
2021-02-12,115.05000305,17.49429131,7.67934704,52.78274155,254882.52285361,9891.28947368
2021-02-17,115.86000061,17.71485519,7.98987055,54.16569138,280008.88382161,9925.11178317
2021-02-18,114.61000061,17.58882332,7.90346289,54.75598526,279577.36785495,10481.21288559
2021-02-19,113.81999969,17.40606499,7.37962627,54.96397781,303237.82244357,10635.46184369
2021-02-22,108.25000000,16.13936424,5.85131741,53.60350800,291673.33444358,9588.36950272
2021-02-23,110.76000214,17.17289352,6.49666214,54.50299454,266747.36230027,8578.65224426
2021-02-24,111.45999908,16.92081070,6.58846855,55.05391693,270377.12366212,8847.92107358
2021-02-25,108.08999634,16.39144325,6.26174688,53.80590057,254446.39003605,7973.17432669
2021-02-26,105.58999634,16.19306946,6.00522709,53.13689804,256167.36824012,7993.71061427
2021-03-01,105.94000244,15.70793247,5.94042301,55.41371536,277815.84043571,8758.60746837
2021-03-02,107.50000000,16.34208679,5.93772221,57.11712646,272891.35259111,8419.35805491
2021-03-03,107.16000366,16.38012886,5.72170782,56.41439056,286809.57064243,8943.12397139
2021-03-04,108.56999969,16.89380074,5.99982691,55.57675171,272792.35272838,8661.70335287
2021-03-05,110.93000031,17.52161407,6.04573011,58.87360001,277334.64858854,8691.06305368
2021-03-08,105.34999847,16.96354675,5.69740677,58.55634689,297256.58752408,10438.68415109
2021-03-09,107.19000244,17.19819260,5.82971525,57.96885681,322069.75519070,10974.03952171
2021-03-10,108.62999725,17.32502174,6.03222895,57.07585526,324933.59859754,10437.86277464
2021-03-11,110.44999695,17.35038567,6.28874826,58.57397461,327818.63030540,10356.53441487
2021-03-12,109.85135651,17.23624039,6.25634527,57.22273636,317321.65388531,9808.23255086
2021-03-15,110.51969910,17.43916702,6.38595438,56.88198471,307218.77068097,9845.68314392
2021-03-16,109.71434021,17.08403969,6.28604841,56.69985962,318931.12680931,10145.24326369
2021-03-17,112.14929199,17.74991035,6.50206232,57.51648712,331054.60074847,10253.98540853
2021-03-18,110.49861145,17.85137367,6.27524614,56.49422455,323032.13758274,9953.85804142
2021-03-19,111.83014679,17.88941956,6.48045969,55.68347168,324331.54132436,10103.62749156
2021-03-22,110.63616180,17.99087334,6.35085249,54.76108551,299559.30037211,9291.45009353
2021-03-23,108.98515320,17.53429413,6.15643930,53.49795532,301365.25464784,9241.80811252
2021-03-24,107.83213806,17.22989464,6.16183805,54.72583008,291335.05845259,8796.27969661
2021-03-25,109.45245361,17.53429413,6.26444578,54.30871964,290556.68906509,8965.28056930
2021-03-26,110.44692993,17.83330154,6.33465052,56.12409973,311437.58654419,9618.33269476
2021-03-29,111.06030273,17.82694817,6.43455839,57.56348038,332202.24144777,10467.55548586
2021-03-30,112.43752289,18.11918449,6.43455839,57.02884293,340591.38256994,10671.55131540
2021-03-31,112.22679901,17.76976204,6.50746346,57.55759811,340055.91737621,11072.01802665
2021-04-01,110.90171051,17.22628403,6.45075941,57.21685791,332786.22531087,11134.63910189
2021-04-05,113.08410645,17.44875336,6.49126148,60.74186325,337255.91733443,12037.30047219
2021-04-06,113.06353760,17.24534225,6.48586226,59.95460892,329525.88368858,11995.74460576
2021-04-07,113.18211365,17.09278488,6.48045969,61.42923737,313492.92881349,11024.62979694
2021-04-08,113.75000000,16.95930672,6.39945555,61.39398193,327319.86458593,11721.28489250
2021-04-09,113.01000214,16.93387985,6.38595438,60.51274872,324226.62976817,11534.60100947
2021-04-12,114.40000153,17.35341072,6.45075941,60.74774551,340152.87823420,12150.02867403
2021-04-13,114.66999817,17.34706116,6.47236013,60.85348892,364014.52564835,13179.40432200
2021-04-14,115.59999847,17.56952477,6.57496738,62.86274719,360753.95198893,13919.79062586
2021-04-15,116.19999695,17.56952477,6.44458008,63.57362366,357907.79070839,14240.31258040
2021-04-16,116.45999908,17.76658058,6.40550518,63.84386826,345731.19649304,13655.37922731
2021-04-19,116.33999634,17.49960709,6.77671480,63.29162979,311264.61245131,12099.89732630
2021-04-20,115.48000336,17.41061974,6.64832687,62.36923981,313159.90057839,12921.71872772
2021-04-22,114.94999695,17.41697502,6.61762476,62.41036606,288207.17163214,13382.64383108
2021-04-23,115.97000122,17.49960709,6.61204433,63.44436646,278112.97412878,12865.47256718
2021-04-26,115.94999695,17.48689079,6.63716364,63.78512955,295887.95218514,13881.86318875
2021-04-27,114.77999878,17.21992111,6.44737101,64.69577026,299121.49487939,14473.47107115
2021-04-28,116.40000153,17.96931839,6.68181896,65.75325775,298849.46844620,14970.51865871
2021-04-29,115.31999969,17.40240097,6.59250546,65.77088928,286059.26906061,14725.58296126
2021-04-30,114.40000153,17.53616714,6.59250546,64.04949951,308178.03988958,14798.94209043
2021-05-03,114.68000031,17.78154755,6.53947592,63.72050095,311152.44090641,18664.07993681
2021-05-04,113.26999664,17.02311134,6.38875866,64.68400574,290033.11137015,17693.56155862
2021-05-05,115.15000153,17.50748634,6.65111828,65.04238892,312535.89190843,19173.09906309
2021-05-06,115.43000031,17.39914703,6.55901241,67.59214020,301873.64235224,18685.63617733
2021-05-07,117.45999908,17.60946083,6.80462599,67.82713318,302465.02008932,18376.47734346
2021-05-10,117.13999939,17.87077904,6.89394093,67.38065338,292453.95865480,20692.23439284
2021-05-11,118.12999725,17.83253860,7.01953888,69.74828339,296122.62276958,21769.79091309
2021-05-12,115.26999664,17.57122612,6.91626740,67.16914368,256624.77363283,19766.67284120
2021-05-13,116.04000092,18.08109093,6.97488070,66.08812714,263649.94007054,19701.80408423
2021-05-14,117.23999786,18.48260880,7.34051085,64.95423889,264750.92428833,21650.41346001
2021-05-17,118.30999756,18.46986580,7.44099236,66.65801239,229420.90836917,17296.59398067
2021-05-18,118.19000244,18.43161583,7.35446835,67.32776642,226196.91920198,17818.03973928
2021-05-19,118.01000214,18.56545830,7.29864550,65.94714355,194614.34156424,12941.94231400
2021-05-20,117.91000366,18.66742897,7.23724222,65.27738190,216474.77837507,14779.03380191
2021-05-21,118.01000214,18.75665855,7.24282551,64.27275085,197017.26925688,12836.84063684
2021-05-24,119.26000214,18.70566940,7.36563206,64.49600220,207533.73357804,14174.40708168
2021-05-25,118.40000153,18.51335335,7.21212244,62.89213943,204242.22280869,14395.20595147
2021-05-26,119.23999786,18.76870155,7.28189945,64.74275208,209465.58465756,15398.78609330
2021-05-27,119.58999634,18.60910797,7.23166084,65.20687866,204119.52811864,14532.12271076
2021-05-28,120.72000122,18.91553497,7.53309536,65.55937958,186991.20366624,12675.95337293
2021-05-31,121.25000000,18.85808372,7.49960327,67.43351746,195549.49381221,14220.88331903
2021-06-01,123.33000183,19.54470253,7.61682940,66.50525665,191370.58167536,13738.01146409
2021-06-02,124.66999817,20.19619751,7.77871084,67.44525146,193500.90902892,13935.73235846
2021-06-04,125.05000305,20.61774445,7.95454741,66.32901001,187287.07976688,13646.08501314
2021-06-07,125.75000000,21.10317612,7.89593697,65.68275452,169300.34302271,13066.84168165
2021-06-08,124.70999908,20.95626831,7.99920607,64.57825470,168876.12274977,12700.98150910
2021-06-09,124.87999725,21.24367523,7.99920607,65.91776276,188028.95723246,13132.36446217
2021-06-10,125.00000000,21.16704178,8.00478649,65.70037842,185770.20069729,12509.59134368
2021-06-11,124.48000336,20.91793060,7.97408533,67.17501831,188706.72074767,11897.12463611
2021-06-14,125.15000153,20.84768295,8.02432251,66.81076813,205797.94871269,12986.38908805
2021-06-15,125.18000031,20.84768295,8.10247517,65.50650024,204399.15298534,13207.68459901
2021-06-16,124.22000122,21.26285172,8.13317585,63.53838348,193414.90912721,11942.02124482
2021-06-17,123.08999634,21.01374245,7.85127735,62.21649170,192333.81837717,11988.80907174
2021-06-18,123.26999664,20.63052368,7.90430880,64.09062195,179201.05737311,11175.18067685
2021-06-21,124.23000336,20.72632217,8.08014393,64.68988800,161424.43552206,9623.52887716
2021-06-22,123.81999969,20.45806313,8.12201214,65.44776917,162954.12971567,9399.31248825
2021-06-23,123.54000092,20.31115723,8.17783356,66.42888641,167168.41596410,9863.32178213
2021-06-24,124.52999878,20.31754684,8.27551937,66.51854706,172105.93285027,9873.08311026
2021-06-25,122.50000000,19.67244911,8.12201214,67.33932495,155426.92392757,8907.79287635
2021-06-28,122.44999695,19.44889259,8.10805607,66.26094055,169258.53583923,10222.34839020
2021-06-29,122.30999756,19.25727654,8.14433956,67.40523529,176641.62696182,10641.35160104
2021-06-30,121.80999756,19.03372765,8.21411705,67.84857178,173630.84823916,11270.61098489
2021-07-01,120.73000336,18.97301865,8.11084652,66.66832733,166826.56923610,10502.92857912
2021-07-02,122.77999878,19.17751694,8.14433956,68.04626465,171014.06303202,10847.17278968
2021-07-05,121.97000122,18.91550827,8.05223560,67.80064392,170727.77655171,11123.06826514
2021-07-06,120.30000305,18.88355255,7.72288895,68.16008759,174204.38821450,11829.03607030
2021-07-07,122.27999878,18.96662331,7.82894945,68.35781097,175888.58966897,12027.96067514
2021-07-08,120.66000366,18.71740913,7.67264986,68.09420776,171988.11083949,11090.28239462
2021-07-12,122.77999878,18.97301865,7.73963499,68.93892670,174330.13928412,10708.87619528
2021-07-13,123.31999969,19.08804703,7.78708363,69.34632111,169157.76439282,10035.47228684
2021-07-14,123.47000122,19.11360931,7.72288895,68.96888733,169442.07995306,10295.53543604
2021-07-15,122.80000305,18.88355255,7.55821753,69.18457031,161125.12654311,9689.46954301
2021-07-16,121.15000153,18.57682419,7.44657469,67.93843842,160564.06880460,9608.75704671
2021-07-19,119.73999786,18.46818924,7.32376671,67.19554901,157645.53296457,9296.19889018
2021-07-20,120.59999847,18.71101379,7.42145443,67.75870514,156515.39559986,9386.03978385
2021-07-21,121.12000275,18.78769493,7.52472544,68.53753662,167614.61248035,10392.66887170
2021-07-22,121.43000031,18.59599113,7.50797653,68.71725464,167617.77862969,10505.33468630
2021-07-23,120.19999695,18.54486847,7.46331882,68.36977386,174610.63882095,11047.98893513
2021-07-26,121.19999695,18.87077332,7.66706800,69.85556030,194076.76720894,11608.81636034
2021-07-27,119.76000214,19.05609894,7.57775211,68.40573120,203946.67589515,11894.79467068
2021-07-28,121.44999695,19.67596054,7.73405218,70.27492523,206742.83130723,11871.07243810
2021-07-29,120.73000336,19.57371902,7.76196480,69.23849487,204635.07526001,12178.11771839
2021-07-30,117.11000061,19.36283684,7.51076841,65.15858459,214573.47192485,12533.15080307
2021-08-02,117.59999847,19.48111916,7.37121296,65.26042938,204191.17960767,13595.50606948
2021-08-03,118.73000336,19.67292213,7.49402189,67.48311615,197426.41747827,12948.65859986
2021-08-04,116.95999908,19.12307739,7.33493090,67.41121674,206559.83751878,14159.30518818
2021-08-05,116.93000031,19.18061447,7.91268253,65.35030365,211222.03319074,14612.20104623
2021-08-06,118.23999786,19.71767426,7.92384577,65.72174072,224581.11252928,15163.56759899
2021-08-09,118.13999939,19.94784355,7.86802530,65.30837250,242583.77922579,16574.22324575
2021-08-10,117.56999969,19.57062149,7.89314318,65.93743134,238491.77011073,16436.70007120
2021-08-11,117.26000214,19.78800774,8.00199509,65.46412659,236553.47144051,16417.05336156
2021-08-12,115.87000275,19.41718292,8.12201214,65.42218781,231835.70717178,15881.14516416
2021-08-13,116.55999756,19.67931557,8.19178867,64.88300323,251020.08299824,17448.92055351
2021-08-16,114.62999725,19.46365547,7.99362230,65.18254089,241408.52912541,16563.78353337
2021-08-17,113.34999847,19.39308548,7.99359560,64.10417175,235084.17372532,15857.18469060
2021-08-18,112.05999756,19.43158722,7.92262030,61.95338440,237190.93053603,15989.26189940
2021-08-19,112.84999847,19.18138885,7.87826014,58.41866302,251275.17133467,17118.48215924
2021-08-20,113.65000153,19.11083221,7.86643171,58.44263840,267127.23999161,17795.79698176
2021-08-23,113.05000305,19.31611252,7.99064064,57.63382721,266508.74170649,17854.28576741
2021-08-24,115.62999725,19.85499191,8.15624714,59.73669815,256654.13883792,17067.49757429
2021-08-25,116.13999939,19.88064194,8.20060730,59.61088943,256838.50816056,16917.26065168
2021-08-26,114.06999969,19.39951134,8.12963200,58.85003281,244615.90029462,16155.79575855
2021-08-27,116.18000031,19.73309898,8.42536354,60.32381058,257636.49033691,17175.88662805
2021-08-30,115.08000183,19.59197235,8.36917305,59.94039154,244817.66315682,16775.77378499
2021-08-31,114.08000183,19.84856606,8.04091167,59.11961365,244460.22237667,17796.69286965
2021-09-01,114.80000305,19.93521500,7.99655294,59.22146225,251528.00270866,19746.68084148
2021-09-02,112.15000153,19.21637154,7.86643171,59.03573608,255744.50478688,19654.76623482
2021-09-03,112.08999634,19.10725212,7.78658390,59.07768250,259221.48260272,20419.47705237
2021-09-06,113.48000336,19.35115242,7.82502890,58.14906693,273157.50947001,20387.50253955
2021-09-08,109.08000183,18.43334198,7.38439035,56.93887711,238274.05343214,18079.72061789
2021-09-09,111.51000214,18.67723656,7.54112864,56.73517609,246830.20075006,18235.50578407
2021-09-10,109.87999725,18.49110794,7.49381113,56.80109024,233239.23125090,16688.58963470
2021-09-13,112.12000275,18.72215843,7.75701141,56.77113724,235921.26020245,17239.08070268
2021-09-14,111.69999695,18.60663223,7.65350628,56.36971664,245502.58461925,17876.94768053
2021-09-15,110.68000031,18.30497551,7.78658390,54.96181870,252391.07663119,18940.10528229
2021-09-16,109.44000244,18.29213142,7.71856546,52.67923737,249510.37679885,18648.23137745
2021-09-17,107.13999939,17.85569382,7.37256050,51.61283875,248475.90493013,17865.43945412
2021-09-20,104.76999664,17.45133400,7.28975821,49.57588196,226630.85433275,15652.18752393
2021-09-21,105.76999664,17.40640831,7.45536613,50.39664841,216620.58410861,14715.62053445
2021-09-22,107.98999786,17.81077194,7.64463615,52.18797684,229589.72062285,16216.97802967
2021-09-23,109.59999847,18.42692947,7.93740702,52.18616104,237391.81578922,16685.46312754
2021-09-24,109.02999878,18.17018890,7.95515108,51.37932205,227132.06666827,15543.41661163
2021-09-27,108.88999939,18.64514542,8.02612591,52.11341476,225412.08900046,15659.49908138
2021-09-28,105.83000183,18.22153473,7.97289753,49.50112534,221192.59766375,15132.45157051
2021-09-29,106.83000183,18.54887390,8.10005856,50.12939072,225594.73427656,15485.72036676
2021-09-30,106.48999786,18.56812286,8.05274200,50.42038345,237097.03872370,16251.99026113
2021-10-01,108.48999786,19.05295372,8.28045368,50.39392471,261837.95916934,17998.51037308
2021-10-04,106.18000031,15.63022614,8.51408386,49.92437363,263633.14332013,18143.97998482
2021-10-05,106.12000275,16.00910568,8.70039272,49.56725311,280920.56848982,19187.18490191
2021-10-06,106.37000275,16.06048012,8.46972179,50.96267700,303131.62111051,19605.36767761
2021-10-07,106.41999817,15.72012424,8.45789242,52.48375320,295497.08382388,19704.79898031
2021-10-08,108.38999939,15.83573246,8.61167336,52.80781174,297740.62622482,19661.26064003
2021-10-11,107.75000000,15.55959606,8.67081833,53.97837448,316562.97532737,19523.90937445
2021-10-13,109.23999786,15.57886410,8.76249504,52.37794495,317514.16380271,19947.70398792
2021-10-14,108.97000122,15.50179672,8.77728081,52.37794495,315984.88701601,20870.40233574
2021-10-15,110.22000122,15.89994144,8.75362301,53.35672760,339518.15941179,21291.61488651
2021-10-18,109.94999695,16.00910568,8.70926285,52.85409927,338563.13073550,20462.23211762
2021-10-19,106.80000305,15.63022614,8.28341484,52.24567795,354167.12313216,21370.89762618
2021-10-20,106.73000336,16.04763412,8.42831993,50.70475769,368457.80839178,23204.15165291
2021-10-21,103.65000153,15.72012424,8.11780262,49.70614243,348146.79264793,22689.20693497
2021-10-22,102.33000183,15.11650467,8.03795719,50.31456375,343384.71244600,22462.49585214
2021-10-25,104.55000305,15.41189861,8.58801365,50.92299652,356124.57261988,23827.63032591
2021-10-26,102.25000000,15.24493408,8.50520897,50.38069534,335284.64968531,22945.79309533
2021-10-27,102.40000153,15.36052322,8.48451042,49.23658371,325442.77307470,21871.09511522
2021-10-28,100.61000061,15.32841587,8.56435680,48.74058914,335543.51748808,23730.30916758
2021-10-29,99.68000031,14.96880341,8.02908230,47.35838699,351270.62910882,24920.80229717
2021-11-01,101.51999664,15.56495476,8.28045368,47.82793045,343680.51702119,24363.65040720
2021-11-03,102.00000000,15.71276951,7.94036531,44.19719315,357581.69775919,26162.41022054
2021-11-04,99.65000153,14.88374519,7.68899393,43.69458008,341207.37134668,25193.03950106
2021-11-05,100.80999756,14.70380688,7.64463615,42.39835739,342407.68757755,25130.58756544
2021-11-08,100.83000183,14.62668896,7.72448158,44.70642090,374394.55302457,26664.25762628
2021-11-09,101.38999939,14.47887516,7.87826014,43.60860443,371231.53245770,26246.95956227
2021-11-10,102.01999664,14.84519291,7.81615829,43.44327164,356115.38203838,25402.06375108
2021-11-11,103.55000305,14.81305313,7.82207251,44.97757339,356568.79783506,25969.33717471
2021-11-12,102.12999725,14.78092575,7.98176622,45.16936874,346313.75653734,25193.08693133
2021-11-16,100.36000061,14.62668896,8.06457329,43.86653137,328257.79393410,23005.75270831
2021-11-17,99.25000000,14.68452740,7.86051750,42.98694229,332156.88172439,23591.19887426
2021-11-18,98.65000153,14.44032097,7.84868860,41.22117996,314815.98415224,22118.39801364
2021-11-19,99.26999664,14.31821346,7.71856546,42.34545135,322935.61356213,23883.11025388
2021-11-22,98.23999786,14.35369205,7.79545546,44.69981003,315872.97012270,22942.78926846
2021-11-23,100.00000000,14.59433842,8.22131062,45.87699127,321557.81515858,24245.76912848
2021-11-24,100.66000366,14.98455334,8.38987541,46.94174576,313504.49716870,23618.39365224
2021-11-25,101.98999786,15.12112522,8.75953770,46.62429810,321036.02392228,23960.78958743
2021-11-26,98.38999939,14.83497334,8.41944790,45.39421844,298121.11301992,22432.41209527
2021-11-29,99.01000214,14.73740959,8.71517849,45.96295929,324167.66348989,24927.25973999
2021-11-30,98.34999847,14.55531693,8.70335007,46.26057053,319270.28256262,25939.52400135
2021-12-01,97.08999634,14.46265984,8.75362301,46.44574738,321681.48507989,25782.88069323
2021-12-02,100.43000031,15.00940132,9.42152977,48.60169983,321447.27293402,25676.37873881
2021-12-03,101.31999969,14.95733070,9.55441570,47.53034210,302472.16085811,23818.80329582
2021-12-06,103.00000000,15.13306141,9.59760380,50.10954666,285796.82884669,24627.29641760
2021-12-07,103.62999725,14.94431591,9.75374413,50.47990417,288382.09906299,24544.07081773
2021-12-08,104.19999695,14.80111408,9.75042057,50.10293961,283422.82889028,24912.78958050
2021-12-09,102.13999939,14.40407562,9.73048878,49.71936035,263703.10496945,22789.17372555
2021-12-10,103.73000336,14.42360687,9.85008335,50.03019714,263197.18584602,21774.62350633
2021-12-13,103.50000000,14.03958321,9.79028606,51.49176025,262134.69211184,21224.44596694
2021-12-14,102.69999695,14.17627048,9.67401314,51.48513412,264745.76581977,21272.97762559
2021-12-15,103.19999695,14.13070774,9.73381138,51.19415283,277762.73085364,22826.85935779
2021-12-16,104.41000366,14.27389717,9.86337280,53.19800186,270711.01761830,22504.45043504
2021-12-17,103.09999847,13.96147346,9.63082504,52.35809708,262770.07053263,22064.19140426
2021-12-20,101.00000000,13.74668312,9.35508728,51.76950073,266892.22804347,22395.61235936
2021-12-21,101.41999817,13.76621056,9.36837769,53.13186646,280959.78302130,23081.51922041
2021-12-22,101.43000031,13.81828117,9.35508728,52.85409927,279322.16927197,22873.17998915
2021-12-23,100.84999847,13.88987827,9.41156483,52.34487152,287084.99312103,23222.61182666
2021-12-27,101.59999847,14.03306770,9.55109215,52.21260452,287186.88141289,22897.33680016
2021-12-28,101.05999756,13.98099804,9.56105995,50.95605469,267644.49195372,21376.60348643
2021-12-29,100.25000000,13.86384392,9.48132992,51.08833313,261367.61345837,20419.56256480
2021-12-30,100.80000305,13.63603401,9.45143127,51.55788422,269042.69995242,21178.98460284
2022-01-03,99.93000031,14.01233387,9.66404533,51.58433914,258739.20016919,20948.25635789
2022-01-04,99.56999969,14.40970802,9.70059013,50.97590637,260753.29991218,21554.79469093
2022-01-05,97.09999847,14.13610458,9.32519054,51.45866776,247306.37618324,20152.70616996
2022-01-06,97.84999847,14.42273617,9.31854534,52.49698257,246260.51411337,19504.18973006
2022-01-07,98.69999695,14.74193859,9.36173344,55.55236053,236148.63369486,18145.09978020
2022-01-10,98.43000031,14.87874317,9.30526066,54.89103317,235545.70039305,17364.62326775
2022-01-11,100.09999847,15.21096802,9.58099174,55.93594360,241978.95972659,18334.83526049
2022-01-12,101.91000366,15.14583206,9.87334061,56.54436874,244677.82622162,18774.37310794
2022-01-13,101.55000305,15.42594242,10.07266808,55.68462372,235667.66778708,17973.42964744
2022-01-14,103.06999969,15.30868053,10.44806671,56.00868607,238199.10852721,18293.38516141
2022-01-17,102.58000183,15.30868053,10.46467686,55.71769333,233784.96938219,17774.64663072
2022-01-18,102.84999847,15.39988518,10.51118660,57.08004761,233735.51543486,17452.12990056
2022-01-19,104.05000305,15.29565525,10.46135521,58.33659744,232336.40930655,17230.43853369
2022-01-20,104.90000153,15.17188740,10.53776264,57.34458542,221187.57140403,16317.69050953
2022-01-21,104.69999695,15.17839909,10.55437565,56.15418243,197529.38165379,13859.12911568
2022-01-24,104.08000183,15.15886497,10.61417198,55.46638489,200026.33087885,13317.24630009
2022-01-25,106.33000183,15.70605946,10.95967293,55.59203720,202733.36810404,13473.50580837
2022-01-26,107.38999939,15.87543392,11.25201988,55.75075531,200501.47781068,13427.82185717
2022-01-27,108.19999695,15.95359993,11.25534058,55.87641525,201629.66884997,13154.87776883
2022-01-28,107.58000183,16.14903641,10.81017590,55.32750702,204167.06461456,13763.17318213
2022-01-31,107.98000336,16.50080872,10.74705696,53.48237991,206369.60034102,14416.16353492
2022-02-01,109.15000153,16.61661720,10.96299458,56.41871262,205459.45759331,14806.87696165
2022-02-02,107.69000244,16.35586548,10.80353260,56.73616028,194538.99145787,14123.88528223
2022-02-03,107.76999664,16.54490280,10.65403843,56.70970154,195466.64412552,14094.80656520
2022-02-04,108.01999664,16.59706116,10.84007549,58.19770813,219244.96658492,15761.99088036
2022-02-07,107.72000122,16.50580406,10.68061543,59.60635757,233532.81523296,16739.62720526
2022-02-08,108.23000336,16.68832207,10.57430744,60.43964386,232177.72787806,16433.04007090
2022-02-09,108.23000336,16.02340126,10.61417198,60.45288086,233151.12786376,17034.36073449
2022-02-10,109.09999847,16.32978630,10.77695465,62.07976151,228041.58247932,16109.08024804
2022-02-11,109.30999756,17.29457664,11.21547413,60.82321930,222586.54757422,15364.95842765
2022-02-14,109.51999664,17.25546074,10.96299458,60.55867386,223579.45108964,15400.63608166
2022-02-15,110.59999847,17.41844368,10.79024506,58.75984573,232415.11912616,16579.88042223
2022-02-16,110.76999664,17.23590279,10.93973732,59.18971634,226750.86816475,16133.03431133
2022-02-17,109.09999847,16.99471283,10.89655209,56.64356232,208195.11591502,14798.71458259
2022-02-18,108.51000214,17.05989838,10.96299458,56.76261139,206984.16490968,14403.88263920
2022-02-21,107.44999695,16.64269447,11.24537468,56.80891037,190474.25035033,13222.98004192
2022-02-22,109.00000000,16.79508781,11.20882988,57.79429245,195362.12066519,13467.55323800
2022-02-23,107.58000183,16.56028557,11.36829376,57.18585968,188612.47898350,13099.70716158
2022-02-24,107.48000336,16.27982712,11.09255981,57.89350510,191996.53651144,13012.93860194
2022-02-25,108.90000153,16.61246490,11.29520607,61.02823257,200863.07175994,14160.50451216
2022-03-02,111.09999847,16.33679771,11.51778889,65.90229797,226604.51705161,15219.66063159
2022-03-03,111.01999664,16.34986115,11.37493896,65.93535614,216355.66101182,14445.87911105
2022-03-04,110.40000153,16.10183144,11.37161541,67.43659973,196897.37941245,13166.65015387
2022-03-07,107.11000061,15.75590611,10.56433964,69.48674774,192615.24101691,12640.12179308
2022-03-08,107.29000092,15.60579109,10.78359985,66.43798065,197966.81047193,13168.46803450
2022-03-09,109.77999878,16.38249969,10.81682110,64.68621063,212383.23419898,13809.42910492
2022-03-10,109.40000153,16.39554977,11.19554138,66.82205200,197640.83082458,13070.23517022
2022-03-11,107.69999695,16.21278763,10.79356670,66.47180939,194351.16759003,12822.64224544
2022-03-14,106.04000092,16.44123459,10.58759785,62.90751266,201249.28214734,13143.89678910
2022-03-15,104.90000153,16.38249969,10.33179188,61.10131454,201469.64955715,13418.83414368
2022-03-16,107.13999939,16.70230865,10.24209404,62.58472061,212434.33371315,14312.67753186
2022-03-17,108.83000183,17.06780815,9.96968269,64.76176453,207782.17561713,14282.21969696
2022-03-18,110.73000336,17.19182396,10.16900826,65.99105835,210652.75101596,14842.76189940
2022-03-21,111.94000244,17.61608124,10.55105209,67.85906982,206121.16281327,14541.46637302
2022-03-22,113.09999847,17.85757446,10.50454235,66.34132385,209049.20125301,14672.99725947
2022-03-23,112.90000153,17.77924347,10.64739227,66.23830414,210604.41247849,14882.53918837
2022-03-24,114.73999786,17.89672089,10.77031136,66.55422974,212076.34258441,14993.91323356
2022-03-25,114.75000000,17.92936707,10.73044682,65.40045166,214040.28425622,14993.72856169
2022-03-28,114.51000214,17.91631126,10.49789810,65.47599792,223240.63476404,15805.30357351
2022-03-29,115.75000000,18.12517929,10.73044682,64.91284180,226131.49007509,16207.41029884
2022-03-30,115.90000153,18.16432953,10.95967293,65.83999634,223839.43513019,16100.48773183
2022-03-31,115.59999847,17.93589211,11.11249065,65.65456390,217205.82416688,15652.45193460
2022-04-01,117.19999695,17.98660660,10.96631622,66.58856964,219273.18107446,16343.28905000
2022-04-04,116.80000305,17.82332993,10.86333084,67.26158905,217131.11910351,16399.12407326
2022-04-05,114.51000214,17.46412468,10.76034546,65.31803131,209275.12000426,15673.09252844
2022-04-06,113.87000275,17.45758438,10.75037861,66.30697632,200941.58171327,14750.58778669
2022-04-07,114.65000153,17.44452858,11.30849552,66.70529938,205129.34017858,15245.53649815
2022-04-08,113.98000336,17.41187286,11.36497307,65.34550476,200955.20800425,15169.05470552
2022-04-11,112.56999969,17.34655571,11.27859592,64.55573273,185677.85295920,14005.28182575
2022-04-12,111.76999664,17.03960037,11.24537468,64.12306976,188340.95604883,14223.37551409
2022-04-13,112.51999664,17.08531761,11.48456669,64.14367676,192376.24793366,14572.33444326
2022-04-14,111.65000153,17.19633675,11.36472416,63.24401474,187305.54947351,14163.97873266
2022-04-18,111.45999908,17.29431152,11.16483116,62.20013046,191907.71150608,14372.58645467
2022-04-19,110.91999817,16.98735428,11.50283051,60.21539307,193070.79094183,14440.30302966
2022-04-20,110.05000305,17.09838676,11.55734634,58.64956665,193011.47601935,14357.68427102
2022-04-22,106.75000000,16.76530075,11.10668087,55.25009537,183632.07282767,13699.91282616
2022-04-25,106.76000214,16.69997978,10.94313431,54.30922699,194005.67615219,14430.64358542
2022-04-26,104.27999878,16.13178062,10.92496300,53.56752014,185868.37061366,13693.82492395
2022-04-27,105.51999664,16.00115395,10.92496300,56.43132782,196119.27003254,14438.29242631
2022-04-28,105.86000061,15.87052631,10.99765205,57.82545090,197421.37959301,14577.80040650
2022-04-29,103.40000153,15.58969688,11.00492001,57.20050049,190647.58734676,13902.87840535
2022-05-02,102.72000122,15.52280235,10.89588737,56.94639587,191540.85372868,14205.04468099
2022-05-03,102.72000122,15.60123634,10.99401665,56.65795135,191949.73306567,14153.14233539
2022-05-04,104.37999725,15.58162594,11.65547466,56.18409348,196828.48745042,14580.01039645
2022-05-05,101.50000000,15.22214985,11.63366890,55.16768646,179905.79721361,13522.82922959
2022-05-06,101.23000336,15.54895115,12.01527977,54.77622223,181213.75078797,13550.35778528
2022-05-09,99.68000031,15.32672215,11.68818378,52.53052139,153920.64035576,11407.68468310
2022-05-10,99.23999786,15.24829674,11.78994370,51.87809372,160106.12046325,12094.62612111
2022-05-11,100.63999939,15.75809956,12.20063019,54.04139709,148481.12002204,10632.61102075
2022-05-12,102.04000092,16.00645256,12.29512691,53.49884415,149138.48063428,10071.87018535
2022-05-13,103.29000092,16.19600296,12.45504093,53.43703842,150321.88251473,10340.81438028
2022-05-16,104.40000153,16.36594009,12.57860947,55.03719330,151055.59850813,10231.55472079
2022-05-17,104.90000153,16.50972366,12.41506100,54.80369186,153945.71116887,10576.84335198
2022-05-18,102.20999908,16.27442932,12.21153450,53.41643143,141823.56862904,9464.63935919
2022-05-19,103.08000183,16.22214127,12.41869450,54.83803177,150586.46042758,10026.08540576
2022-05-20,104.66000366,16.42475319,12.65856552,55.80636978,143959.64434283,9669.28593529
2022-05-23,106.76000214,16.84959221,13.15647411,56.94639587,142008.49870265,9624.64185498
2022-05-24,106.63999939,17.10449219,12.79824257,57.71557999,142747.16076074,9525.83350702
2022-05-25,106.66000366,16.79730988,12.98049831,57.89413452,142425.54573734,9369.79185195
2022-05-26,108.01999664,17.00645638,13.01289940,57.85979462,141149.97551288,8699.91349594
2022-05-27,107.90000153,17.09796143,12.39323616,58.86933899,136501.99711837,8224.77700396
2022-05-30,106.91999817,16.94109917,12.14617920,59.50802612,150053.13559927,9442.36860322
2022-05-31,107.18000031,17.09796143,12.17453003,59.20584869,151089.77414464,9230.71944849
2022-06-01,107.47000122,16.86097336,12.15833282,60.59997940,140961.57094787,8626.21254254
2022-06-02,108.43000031,16.93291283,12.05302906,61.74000168,146716.18319358,8832.35139507
2022-06-03,107.48000336,16.77594566,12.26363277,60.75106430,142453.34829593,8512.74463572
2022-06-06,106.41999817,16.71707344,12.27173042,60.81287003,149794.96119487,8878.10836518
2022-06-07,106.15000153,16.71707344,12.41753483,62.23448181,149365.59334065,8696.91044846
2022-06-08,104.59999847,16.39660072,12.35678387,60.09177017,147069.16246051,8730.25973335
2022-06-09,103.68000031,16.11536980,12.17858124,58.05895615,147491.57460088,8766.74679430
2022-06-10,101.81999969,15.76219654,12.00847626,58.07268906,142606.61395473,8164.20127854
2022-06-13,99.12000275,15.57252407,11.85457420,56.23216629,112077.14977288,6003.64074228
2022-06-14,98.36000061,15.46788216,11.98822594,56.12228775,113552.21477673,6195.71675398
2022-06-15,99.37999725,15.53328133,11.77762127,56.08794403,115484.90218750,6309.20716579
2022-06-17,96.20999908,15.33707333,11.06075859,53.16233826,103426.02022753,5489.31256908
2022-06-20,96.29000092,16.00419235,11.18631172,51.85061264,106130.87691714,5809.72679506
2022-06-21,96.40000153,15.83413601,10.96355629,52.19399643,107430.01360038,5834.69016520
2022-06-22,96.02999878,15.71640873,10.93115711,51.74760818,102389.55115071,5386.22384809
2022-06-23,94.66000366,15.35668659,10.72865486,49.85900116,109511.61429208,5938.29346575
2022-06-24,95.47000122,15.33052921,10.64764977,51.24626923,111211.41365567,6426.21257477
2022-06-27,97.34999847,15.42210102,11.33211422,53.60187149,108682.93221926,6256.55755212
2022-06-28,97.05000305,15.25204945,11.47386932,54.56332397,106205.63207074,5993.93270012
2022-06-29,96.00000000,15.09507942,11.37261486,54.11007690,105879.85248944,5787.69781311
2022-06-30,95.00000000,14.82692814,11.31186390,52.57857895,102502.69176466,5529.56860205
2022-07-01,95.62999725,14.95629787,11.55487061,51.57591629,101202.71367549,5565.89788446
2022-07-04,95.19999695,14.81229782,11.80192280,51.28060913,107852.85321279,6136.29579506
2022-07-05,94.80000305,14.91702557,11.35236549,51.02650452,107578.99098792,6045.17489269
2022-07-06,95.41999817,14.77957249,11.20656109,51.50723648,110656.41535005,6392.09240761
2022-07-07,97.37999725,14.98902416,11.53461838,53.00437546,117448.82649253,6717.65685416
2022-07-08,96.87999725,14.99557590,11.66422081,51.78194427,116005.05177644,6525.98284628
2022-07-11,94.80000305,14.75338745,11.60751915,50.01696396,104925.30832274,5764.88115578
2022-07-12,94.90000153,14.72066784,11.43336678,50.16805649,103908.55314421,5582.56427397
2022-07-13,94.51000214,14.66175270,11.44146633,49.99636078,109882.94295519,6054.01666628
2022-07-14,92.55000305,14.49812031,11.13366127,46.66555405,110890.38408460,6423.39899571
2022-07-15,93.26999664,14.75993061,11.32401562,46.95399094,112991.24149159,6687.01283577
2022-07-18,93.37000275,14.95629787,11.58322048,47.20123291,121649.82813294,8541.02165999
2022-07-19,94.69999695,15.46029472,11.81812286,47.30424500,127163.67263388,8388.84767932
2022-07-20,94.94999695,15.26393795,11.81407261,46.28096390,125755.68533146,8228.99796430
2022-07-21,95.34999847,15.38829708,11.75332260,47.09135056,126715.15447450,8625.13527644
2022-07-22,95.41999817,15.22466087,11.87887383,47.53087616,124882.40600640,8452.34584648
2022-07-25,96.75000000,15.44720173,12.43373680,48.40992737,117418.85877332,7944.83878581
2022-07-26,96.15000153,15.36211014,12.55928612,48.32065582,113766.49123910,7722.74938592
2022-07-27,97.83000183,15.41447449,12.69699001,48.43053436,122680.73021257,8754.00845261
2022-07-28,99.09999847,15.51266098,13.07769966,48.54727936,125013.49879406,9046.62950883
2022-07-29,99.30000305,15.46029472,13.83101273,47.90172577,123372.27421861,8952.63243929
2022-08-01,98.55999756,15.37360477,13.64065742,46.75483704,120562.38230415,8455.92419565
2022-08-02,99.52999878,15.53735733,13.70141125,48.24510956,119118.55985062,8465.18915773
2022-08-03,100.19999695,15.64871693,13.70950985,46.37025070,120577.01307933,8543.93392528
2022-08-04,102.48000336,16.02863503,13.85531235,46.10240936,119552.55810753,8495.66893476
2022-08-05,102.73999786,16.32995224,14.12261772,46.69989014,121362.94890987,9026.95232336
2022-08-08,104.80000305,16.53301811,14.83543015,47.09821701,122966.47060160,9169.83033307
2022-08-09,105.05000305,16.96533775,15.07843590,48.07342148,118371.97844119,8702.62782385
2022-08-10,106.55999756,17.27974319,15.02983475,48.10775757,122700.53967587,9487.77421068
2022-08-11,105.87999725,17.30594444,14.68152714,49.78345108,122032.46535274,9582.39117788
2022-08-12,108.63999939,17.51555443,15.77177429,50.42061996,125845.33586182,10093.52012095
2022-08-15,108.97000122,17.66621971,15.77675152,49.33708572,122492.72616097,9663.76772167
2022-08-16,109.76000214,17.86927795,15.92099094,50.43506622,121699.70076043,9570.24738926
2022-08-17,109.98999786,17.91511917,16.29401970,49.28651810,119987.60873196,9424.80550534
2022-08-18,109.94000244,17.86271667,16.62228584,48.91811752,119893.79233716,9539.79528110
2022-08-19,107.52999878,17.64840698,15.78172493,48.36912155,107874.31115572,8334.30510797
2022-08-22,106.73000336,17.44966888,16.11993790,47.66121674,110598.11310817,8385.75897660
2022-08-23,109.09999847,17.49603271,16.63223076,50.71678925,111000.96958748,8573.40752958
2022-08-24,109.18000031,17.56891441,16.73170853,49.08425140,109189.47981088,8456.80146482
2022-08-25,109.59999847,17.78752327,16.55265808,50.03776550,110382.77656485,8669.06472334
2022-08-26,108.36000061,17.68152618,16.73170853,49.28651810,103502.35769860,7702.80987525
2022-08-29,108.40000153,17.62191391,17.14950943,48.33300400,102758.59533691,7862.25160217
2022-08-30,106.40000153,17.54241943,16.12988853,46.93163300,99522.52055770,7660.64309144
2022-08-31,105.83000183,17.09855080,16.52779007,46.59212112,102692.88618773,7957.81900321
2022-09-01,106.58999634,17.36217308,16.83616066,46.15147781,104292.80919866,8219.09247021
2022-09-02,107.08999634,17.60082817,16.62228584,45.45079041,104649.58724151,8265.26583695
2022-09-05,108.44999695,17.88588142,16.58249664,47.11221695,102449.77100136,8362.45447577
2022-09-06,105.94999695,17.72015762,15.96575356,45.99255753,97087.45970356,8049.09600411
2022-09-08,106.18000031,17.59419250,15.81653976,46.59934616,101417.83629369,8580.17823738
2022-09-09,108.40000153,17.73340797,15.81156635,50.24003220,111466.36639112,8962.10856457
2022-09-12,109.44000244,17.95218658,15.65737534,50.68067932,115125.03921325,8819.54987542
2022-09-13,106.98000336,17.76655579,15.24455929,49.30096436,103350.83235798,8049.37232407
2022-09-14,106.75000000,17.70026398,15.47832203,48.39801407,105047.20373169,8484.05117387
2022-09-15,106.11000061,17.74667358,15.44848251,49.37320328,101711.44517915,7597.91219603
2022-09-16,105.59999847,17.68700600,15.30921650,49.30096436,103728.95182972,7514.76408855
2022-09-19,108.22000122,18.34993553,15.55292988,50.89738083,102620.35758840,7233.05652940
2022-09-20,108.84999847,18.95982742,15.46339893,50.16779327,97682.37866991,6848.27868374
2022-09-21,108.16000366,18.76095390,15.50319195,49.44543076,95361.45903765,6440.28293767
2022-09-22,110.12999725,19.13882828,15.88617229,50.57954025,100375.82572910,6864.63777028
2022-09-23,107.83999634,18.76095390,14.89142418,49.53211594,98717.07011067,6794.71154668
2022-09-26,105.12999725,18.35656929,14.56812763,49.64047623,101088.18742821,7022.18185716
2022-09-27,104.68000031,18.25049782,14.75713062,48.90365982,102994.38143019,7168.59015559
2022-09-28,104.81999969,18.24387169,14.55817986,49.36597443,104478.84502759,7192.72939119
2022-09-29,103.80000305,18.51566505,14.57807636,49.43098831,105189.48691024,7178.06264847
2022-09-30,106.45999908,18.60184669,14.82178974,52.03870392,104857.82363783,7166.03856384
2022-10-03,112.40000153,19.73461914,16.00554466,53.45451736,106247.94892830,7165.49686276
2022-10-04,112.34999847,19.76778030,15.60267162,54.74754333,105009.28928965,7033.34040290
2022-10-05,113.31999969,19.76778030,16.18957138,55.59270859,104347.83490560,7002.01435597
2022-10-06,113.47000122,19.40957642,16.74165726,54.34302521,103672.51867073,7022.40100697
2022-10-07,112.77999878,19.44937134,16.72674179,54.54528427,102036.50819933,6955.87172486
2022-10-10,112.08000183,19.24374199,16.53773689,53.44730377,99505.09276930,6712.88964809
2022-10-11,110.88999939,19.11106491,16.41339111,53.08612061,98815.89477845,6636.90315957
2022-10-13,110.26000214,18.99830818,16.88092232,52.13983536,102564.63986147,6816.10774202
2022-10-14,108.22000122,19.00493431,16.62228584,50.44228745,100912.71392405,6824.18080682
2022-10-17,109.90000153,19.15750313,16.60736656,51.23688889,104154.71122748,7094.57143178
2022-10-18,111.94000244,19.62848091,17.01521492,51.98091507,102034.65453973,6915.69939437
2022-10-19,112.34999847,19.63510704,17.61703873,51.36690903,100287.33585905,6737.04275726
2022-10-20,112.90000153,19.94024658,18.13928604,52.02425766,100397.96515014,6761.44213360
2022-10-21,116.43000031,20.60360146,18.76100159,53.54842758,100015.09935494,6781.30037195
2022-10-24,112.13999939,19.66828156,17.03511047,51.95924759,99888.93118673,6944.76566936
2022-10-25,110.48000336,19.50908279,16.67700005,51.95924759,106632.63920390,7755.88901361
2022-10-26,108.77999878,19.09116554,16.26915169,53.11500931,110399.04708826,8326.61482829
2022-10-27,110.00000000,19.44274521,16.39349556,51.22243881,109216.91546239,8153.24315600
2022-10-28,113.00000000,19.59531212,16.19951630,48.72307587,109962.70147104,8305.00766269
2022-10-31,112.15000153,20.16579628,14.82676411,48.49192047,108391.89438407,8317.30025049
2022-11-01,112.80999756,20.21733284,14.85163212,49.96553421,106089.13625056,8180.97429741
2022-11-03,113.09999847,20.07131004,14.89639664,48.50637436,103931.88693784,7876.10668465
2022-11-04,114.00000000,20.14432526,14.07572556,52.19040298,108165.97149632,8414.48833324
2022-11-07,111.22000122,19.68635178,13.50374317,51.91590500,104623.82442581,7965.51395839
2022-11-08,112.30000305,19.62660980,13.60321903,53.49064255,95549.23473635,6868.53752038
2022-11-09,109.75000000,18.68410492,13.37939930,52.84051895,81674.85494544,5658.17341889
2022-11-10,106.09999847,18.33232880,12.99144745,53.85182571,91190.93127114,6737.98412048
2022-11-11,108.55000305,17.74160576,13.42416573,59.45009995,90990.03717265,6875.79420896
2022-11-14,109.23999786,17.68850708,13.77730370,60.17967987,87728.45304040,6554.50199722
2022-11-16,106.04000092,17.43628311,13.50374317,59.55123901,88876.44780139,6481.22787296
2022-11-17,105.69000244,17.54249001,13.50871754,60.02799606,90095.91020524,6483.16579921
2022-11-18,104.84999847,17.68187523,13.27992535,58.38822937,90537.01965661,6573.21349990
2022-11-21,106.08000183,17.73497581,13.31971741,57.73088074,84956.11192254,5964.38011560
2022-11-22,105.06999969,17.44293213,12.41441917,57.88980484,86106.91110688,6037.53377633
2022-11-23,105.23999786,17.26371384,12.47295380,58.46047592,88995.18291960,6339.22826379
2022-11-24,108.19999695,17.88098717,12.90397263,58.83608627,88971.70744335,6451.30318736
2022-11-25,105.06999969,17.25043869,12.69644356,58.43880844,87896.20119554,6378.28601147
2022-11-28,105.15000153,16.93848610,12.96250534,58.72774124,87711.39062871,6328.41134104
2022-11-29,107.29000092,17.08451653,13.50526905,60.99594879,88222.39457641,6528.30991564
2022-11-30,108.58000183,17.25708199,14.18638802,61.91334152,90447.44017915,6825.94657251
2022-12-01,107.05999756,17.25551796,13.61701775,62.25284576,87916.71089061,6613.12709637
2022-12-02,107.94999695,17.48797989,13.78729820,62.70071411,88580.77791242,6709.15075156
2022-12-05,105.62999725,16.97656250,13.63298035,62.63570404,88574.64186403,6572.99324058
2022-12-06,106.73999786,17.36842918,13.64362144,63.54586411,90232.58421052,6714.33237618
2022-12-07,105.58999634,17.24223518,13.48930550,61.28488541,88183.09994326,6450.57812887
2022-12-08,103.56999969,16.63781929,13.18600082,62.03613281,89683.00180145,6666.92939209
2022-12-09,103.90000153,16.47945213,13.14874840,64.10208893,89508.72620779,6605.00291189
2022-12-12,101.80000305,16.32366371,12.72305107,62.18784714,90075.70260981,6672.63073231
2022-12-13,100.30000305,15.70729828,12.40909767,62.45023346,94619.72991482,7027.03846711
2022-12-14,100.69999695,15.77503872,11.42467213,62.97934723,94294.67349041,6930.01506454
2022-12-15,100.50000000,15.86308289,11.72798252,63.18230057,91637.87067011,6682.80298637
2022-12-16,99.40000153,16.03918839,11.73330307,62.10232162,88428.10755393,6205.56028137
2022-12-19,101.37000275,16.52009392,11.90890312,61.87762833,87237.30851384,6195.93226894
2022-12-20,103.55000305,16.69620132,12.27606773,62.15305710,89461.40572812,6443.60071689
2022-12-21,103.87000275,16.76393509,12.54212761,62.50822449,87424.27510268,6308.77813809
2022-12-22,103.93000031,16.79779625,12.76562023,62.15305710,87516.09683916,6334.42543519
2022-12-23,106.00000000,17.06195831,13.36692142,62.56619644,86766.33808941,6302.85530376
2022-12-26,105.15000153,16.72329330,13.27113724,63.13880539,87378.94675385,6336.46367132
2022-12-27,104.90000153,16.62847137,13.36159897,64.64643097,87221.85795564,6327.74056299
2022-12-28,106.80000305,16.96712875,13.19664001,64.50145721,87601.18191418,6297.76361919
2022-12-29,105.94999695,16.93326187,13.03700256,64.42174530,87651.88455686,6328.56223245
2023-01-02,102.62999725,16.59955215,12.19625092,64.79863739,88206.91272897,6420.06760522
2023-01-03,100.48000336,16.25387192,11.88761711,64.68266296,89406.21728802,6511.37329121
2023-01-04,101.91999817,16.30131912,12.26542377,64.79863739,92385.24905831,6883.88090116
2023-01-05,104.26999664,16.80966187,12.70708466,65.88586426,91425.16133162,6790.00658960
2023-01-06,105.50000000,17.10112762,12.63258839,66.92959595,90689.64428115,6790.92406517
2023-01-09,105.34999847,17.22313118,12.70176792,67.00209045,89841.68105721,6904.24809785
2023-01-10,107.18000031,17.55525589,12.81883430,67.82838440,91657.58552320,7022.02188646
2023-01-11,109.09999847,17.86026382,12.91993809,67.58917999,93230.97032856,7214.89059859
2023-01-12,108.26000214,17.60948181,13.10617733,67.94433594,97338.77280486,7314.43590721
2023-01-13,107.34999847,17.52137184,13.07425117,68.00232697,101692.12967003,7414.41307496
2023-01-16,105.47000122,17.33157921,12.79222775,66.86436462,107556.55175075,8011.41781849
2023-01-17,107.80000305,17.69082069,13.57976913,66.77738190,108897.17757042,8068.13572926
2023-01-18,108.33000183,18.00938606,13.34031391,67.65441132,105504.50551623,7728.47903793
2023-01-19,109.11000061,18.00938606,13.77665234,67.94433594,109341.34491026,8050.47111903
2023-01-20,108.44999695,17.69082069,14.03207397,68.12554169,117305.80409427,8585.90798571
2023-01-23,107.90000153,17.14857292,14.25556469,68.35023499,119403.52644628,8477.16333953
2023-01-24,109.43000031,17.30446053,14.15445805,69.07505798,117843.19701773,8103.52635418
2023-01-25,110.65000153,17.36547470,14.33538055,69.72738647,118788.81041153,8281.61623392
2023-01-26,110.41999817,17.26380348,13.96821785,71.03205872,116826.84913098,8131.27374905
2023-01-27,108.40000153,16.89778137,13.63298035,69.08955383,116841.71957515,8091.05895063
2023-01-30,108.69999695,16.90455246,13.70215797,68.84311676,116649.15955330,8004.65032371
2023-01-31,109.83999634,17.16890907,13.87243462,68.50245667,118355.12225078,8114.97009739
2023-02-01,108.40000153,16.94348145,13.68087101,67.74139404,120331.69958105,8327.50076466
2023-02-02,106.30000305,17.09948349,13.04764557,64.61017609,118615.10469102,8304.12159847
2023-02-03,104.87000275,17.03843498,13.19131756,64.47245789,118400.31934327,8405.63360766
2023-02-06,105.25000000,17.04521179,13.71812057,63.66791916,117210.00724816,8323.34887785
2023-02-07,104.09999847,16.65182686,13.63298035,64.08831787,119711.06176437,8603.62857899
2023-02-08,106.33999634,18.02873802,13.86179256,64.30577087,119498.20922554,8599.07907797
2023-02-09,104.44000244,17.58106804,13.79793930,64.06657410,113448.09543660,8040.70571926
2023-02-10,104.75000000,17.49966621,14.21831322,62.91410828,114523.94073989,8012.90067762
2023-02-13,105.47000122,18.11690521,14.26088333,62.84887695,113696.16363437,7857.58354833
2023-02-14,104.43000031,17.89306831,14.20767307,63.13155365,114623.80020539,8030.98472115
2023-02-15,106.05000305,18.15760040,14.22895622,64.50871277,126194.16523210,8689.25252483
2023-02-16,106.50000000,18.29326057,14.28748894,64.64643097,123267.28897974,8557.87277108
2023-02-17,105.55999756,18.23221779,14.06932068,63.80562592,128153.83546029,8841.34601163
2023-02-22,103.59999847,17.89306831,13.70747662,63.32000732,124971.66344893,8489.75667400
2023-02-23,104.15000153,17.96090126,14.12785435,63.02283478,123358.31738960,8505.01132814
2023-02-24,102.37999725,17.41149712,13.78197765,61.63843918,119150.21852392,8260.92619180
2023-02-27,102.29000092,17.18765259,13.91500282,61.63843918,122502.40600023,8511.24496469
2023-02-28,101.15000153,17.24870872,13.43077183,61.84138107,120359.29126725,8350.17277298
2023-03-01,101.19999695,16.96881676,13.46269894,64.65367889,123810.97346754,8709.57246829
2023-03-02,99.94000244,16.41223907,13.11149979,64.50871277,121563.00745755,8530.31355893
2023-03-03,100.41999817,16.43260574,13.67555046,64.72615814,116276.99421680,8159.04421095
2023-03-06,101.47000122,16.80592346,13.81390190,62.44298935,116509.13025071,8141.69545122
2023-03-07,100.90000153,16.85343933,13.35627651,61.84864044,114480.70151204,8047.39209277
2023-03-08,103.22000122,17.06384468,13.52655888,62.41399765,112716.83684819,7961.91814076
2023-03-09,101.55999756,16.73803902,13.46802521,61.59495163,104755.53016333,7401.04662003
2023-03-10,100.20999908,16.33757401,13.29242134,61.39199829,104240.87466357,7379.74373143
2023-03-13,99.77999878,16.14074898,12.87204456,61.64569473,126204.65450652,8763.81943465
2023-03-14,99.58000183,16.08644867,12.64322948,62.20690918,129810.47862181,8936.08688982
2023-03-15,99.38999939,16.04571915,12.41974068,60.33283997,128015.23221433,8697.76322729
2023-03-16,100.00000000,16.31042862,12.37716866,60.55505371,132456.59700023,8867.60555610
2023-03-17,98.72000122,15.84208775,12.51020145,61.28098679,143416.18139654,9373.98003298
2023-03-20,97.69999695,15.88281250,12.20157051,61.78468323,146549.92220171,9158.67884372
2023-03-21,97.93000031,16.20862198,12.45166874,61.26615906,147520.12563409,9459.65745359
2023-03-22,97.02999878,16.11358643,12.41441917,60.50321960,143115.55027711,9107.20130920
2023-03-23,94.58000183,15.71312618,12.13239098,58.94766617,148359.51980260,9510.87937061
2023-03-24,95.86000061,15.94105721,12.12707233,58.27359772,145623.68350809,9280.05569246
2023-03-27,96.54000092,16.21566200,12.33460331,58.17729950,142351.43065262,8997.76355966
2023-03-28,98.02999878,16.29118347,12.55277348,58.79212189,141715.20732050,9213.34456128
2023-03-29,98.55000305,16.44907761,12.71773148,59.63654709,146402.69365335,9259.77883687
2023-03-30,100.47000122,16.90218163,12.75497723,60.60691452,143929.91928238,9204.27141533
2023-03-31,98.48999786,16.98456001,12.47827721,59.47358704,145032.37750693,9279.01193015
2023-04-03,98.30000305,16.50891685,13.03168106,59.48839951,140682.43996884,9164.26747775
2023-04-04,98.51000214,16.83868408,12.91461277,57.80693436,142617.85177661,9473.08579848
2023-04-05,97.62999725,16.82493782,12.95718575,56.95509338,142882.11012139,9680.54475102
2023-04-06,97.58999634,16.76997757,12.77094269,56.85138321,141151.76262427,9426.79366901
2023-04-10,98.66000366,16.94860649,13.04232407,57.94768143,149878.02350844,9660.00722402
2023-04-11,102.91000366,17.49821472,13.65426350,61.00691605,153149.64192584,9584.50845046
2023-04-12,103.34999847,17.61500549,13.75536919,59.70321274,150815.82551641,9611.09373206
2023-04-13,102.93000031,17.61500549,13.85114956,58.89581680,149469.17441377,9895.92359675
2023-04-14,103.04000092,17.86920166,13.99482155,58.37730026,150193.89785309,10354.12785034
2023-04-17,102.70999908,17.83484268,14.21299458,57.68101120,144536.89169350,10191.65359884
2023-04-18,102.69999695,17.82111549,14.57483673,58.17729950,150157.82448046,10395.99316771
2023-04-19,100.48000336,17.53943062,14.10656929,56.48101425,143660.88630261,9651.61594232
2023-04-20,101.00000000,17.58752251,14.20235157,55.30326080,143328.61303425,9859.86007242
2023-04-24,100.62000275,17.42951393,14.47373104,53.30326843,138945.16849931,9302.05568147
2023-04-25,99.91999817,17.58752251,14.41520309,51.85142517,142483.46370594,9396.11799253
2023-04-26,99.01000214,17.40889549,14.23427677,52.05142593,143622.75439253,9431.93580806
2023-04-27,99.52999878,17.71805763,13.88840008,53.15512085,148636.31491373,9626.01012130
2023-04-28,100.90000153,17.80736923,14.20619011,53.62919617,146003.01340918,9417.52247823
2023-05-02,98.48999786,17.11828232,13.63074684,51.51068497,143055.64474598,9331.30957153
2023-05-03,98.59999847,17.09076881,13.58279133,51.11069107,146145.39024227,9596.39823846
2023-05-04,98.94999695,17.22826958,13.79858398,49.52552414,144077.00821054,9378.00541069
2023-05-05,101.91000366,17.86762619,14.38601398,51.14032745,147158.03179736,9940.59092869
2023-05-08,102.48999786,18.11511612,14.69171619,51.82921219,137133.73961209,9155.90524880
2023-05-09,103.80000305,18.22511482,14.73966980,52.36253357,138515.14430748,9257.80438187
2023-05-10,103.97000122,18.49323273,14.70370483,51.37735748,137719.31047403,9186.02944754
2023-05-11,104.81999969,18.67197418,15.24317741,50.37736511,133462.20513922,8879.87371447
2023-05-12,105.05000305,18.50010300,15.73470211,50.42921448,132135.20212118,8912.63366901
2023-05-15,105.47000122,18.56886292,15.38104248,51.15513229,133793.48636066,8942.70891528
2023-05-16,104.62999725,18.50699043,15.76467037,50.10328674,132152.44008208,8916.12305730
2023-05-17,106.01000214,18.69260025,15.38104248,51.76253128,135333.65159840,8998.89376001
2023-05-18,106.75000000,18.62385941,15.47095776,51.83661270,132489.39279536,8896.39452183
2023-05-19,107.16000366,18.47261047,15.44698334,51.26625061,133493.35095691,8998.41886625
2023-05-22,106.55000305,18.12199211,15.35706806,50.44403458,134170.46117675,9081.85774041
2023-05-23,106.44000244,18.26636887,15.73470211,49.30329895,135205.68656039,9209.03997370
2023-05-24,105.26999664,18.16324043,15.97446823,48.18478775,130915.64874684,8948.65697941
2023-05-25,106.55000305,18.73385811,15.85458565,48.03664017,131284.92135674,8955.00227203
2023-05-26,107.51000214,18.58947945,16.06437874,49.13293076,134536.97730197,9207.81858132
2023-05-29,106.76999664,18.50699043,15.99844456,48.76256561,138529.65999886,9451.76090879
2023-05-30,105.37999725,18.24573898,15.81861782,47.61442566,139013.15461467,9539.54122930
2023-05-31,104.83999634,18.10136032,15.65678024,47.26627731,137045.53655401,9435.87230564
2023-06-01,107.19999695,18.36804962,16.16028595,48.26627731,135569.59868314,9413.05578019
2023-06-02,109.01999664,18.63635445,16.29215813,50.32551193,136604.92285813,9561.26830118
2023-06-05,109.13999939,18.67762566,16.46598816,49.91070557,127682.50491701,8980.50883730
2023-06-06,111.06999969,18.80833054,16.81365395,50.07366562,134167.35195846,9282.26804445
2023-06-07,111.77999878,18.86337090,17.30517006,50.86624908,129411.54712984,9000.72946134
2023-06-09,113.20999908,19.12479401,18.15035439,50.63661957,130339.05556536,9057.77267757
2023-06-12,113.63999939,18.91840935,18.46804237,49.71811295,126349.80795145,8499.88089536
2023-06-13,112.94000244,19.13166618,18.43200493,50.24403381,125980.57168463,8452.76613788
2023-06-14,115.11000061,19.39308739,19.22395897,51.12550354,122131.05050614,8023.17435538
2023-06-15,115.40000153,19.64762115,18.77050209,51.52549744,123150.34113146,8019.47781381
2023-06-16,114.90000153,19.70953560,18.93016624,51.60697937,126614.02953211,8255.80337862
2023-06-19,116.12999725,19.97783661,19.42833138,51.40698242,129072.90213208,8352.92912874
2023-06-20,115.81999969,19.96832466,19.52413177,50.08107758,135317.57351895,8560.77767243
2023-06-21,116.26999664,20.16273499,20.34163094,49.57736969,143809.73186962,9056.60072688
2023-06-22,115.26000214,19.96832466,20.08616257,49.31070328,142451.25743048,8919.51644350
2023-06-23,115.30999756,19.90583038,19.26227951,48.81441498,146409.30587150,9028.45376470
2023-06-26,114.41999817,19.87806320,19.69657326,48.91812134,144862.49822872,8898.31605010
2023-06-27,113.76999664,19.65587807,19.54329300,49.50329590,146299.68849199,9008.78311536
2023-06-28,113.02999878,19.54478836,19.72850800,47.94034958,144729.89119524,8793.45568124
2023-06-29,114.91000366,19.78085899,19.81792068,48.52553177,147675.18100582,8984.22869186
2023-06-30,114.16999817,19.73226547,18.85991478,47.56998444,147985.34093298,9386.79210614
2023-07-03,115.94000244,20.11968422,19.21118546,49.05886459,149058.64359803,9354.97319447
2023-07-04,115.23999786,19.99463081,19.25588989,48.81441498,147932.44674172,9308.42905240
2023-07-05,115.83999634,20.16830254,19.23034668,48.38478851,147685.51261119,9247.05495471
2023-07-06,113.63999939,19.86957359,18.93655586,48.03664017,144976.54013616,8960.71056599
2023-07-07,115.19000244,20.24473000,18.84075737,48.48848724,149244.50855039,9200.93311705
2023-07-10,114.09999847,20.11273575,18.87269020,47.74776077,148145.85003514,9160.00244146
2023-07-11,113.80000305,19.75841141,18.61721992,49.31811905,149987.54410473,9200.46575291
2023-07-12,113.83000183,19.64030838,18.62999725,49.66626358,147445.07396236,9082.56001715
2023-07-13,115.58000183,19.85567665,18.92378044,50.82180405,151616.97256400,9665.16467351
2023-07-14,113.95999908,19.64725876,18.55335426,50.82180405,145445.78504491,9298.78083690
2023-07-17,114.70999908,20.02935982,18.51503181,50.25885010,144341.52248896,9153.15233063
2023-07-18,113.94999695,19.64030838,18.41284752,49.94033051,143484.66690078,9119.48236896
2023-07-19,113.75000000,19.43189049,18.58528709,49.80699921,143865.03224620,9084.80575740
2023-07-20,114.33999634,19.79314995,18.60444450,49.91810989,142700.77045986,9057.55264080
2023-07-21,116.40000153,20.14746475,18.95571709,50.22181320,143469.24865279,9076.11853989
2023-07-24,117.56999969,19.82788658,19.35169220,51.74031830,139389.79906277,8838.19994509
2023-07-25,117.98000336,19.86957359,19.79875946,53.34030533,138114.03752026,8778.75975177
2023-07-26,118.73999786,19.98073006,19.79875946,53.15512085,139403.82778839,8890.70008806
2023-07-27,116.04000092,19.53610229,18.77050209,52.16253662,138347.66317584,8811.02339693
2023-07-28,116.51999664,19.82788658,19.00681114,50.09589005,139020.13835183,8889.29035869
2023-07-31,117.94999695,19.89735985,19.86901474,51.22921371,138062.58425631,8767.21160754
2023-08-01,117.51999664,19.95829391,19.54329300,50.51810455,140208.93220385,8843.65615368
2023-08-02,117.01000214,19.89573288,19.49858856,49.69588852,139696.18211524,8812.91760954
2023-08-03,116.70999908,19.74278641,19.74766922,50.00699997,140361.12103589,8827.74051426
2023-08-04,115.66000366,19.38130951,19.16009140,50.04404068,142939.86362361,8985.76757459
2023-08-07,115.61000061,19.22836876,19.28143883,50.29588699,142558.79107328,8925.32669075
2023-08-08,115.26999664,19.18665123,19.30059624,49.96996307,145821.15122260,9091.60063205
2023-08-09,114.69999695,19.11713982,19.45387459,49.51811600,144809.93819690,9083.46244787
2023-08-10,114.51000214,19.17969894,19.56245422,48.93292999,144255.03069452,9071.83806557
2023-08-11,114.25000000,19.21446419,19.51774406,48.52553177,143798.92204606,9035.20894492
2023-08-14,113.30999756,18.93638992,19.56884003,47.23476028,144424.85871902,9056.79600461
2023-08-15,112.37000275,18.83211708,19.70934677,46.76927948,144746.18295078,9065.42299844
2023-08-16,111.87000275,18.81821442,20.14363861,46.58613586,143026.70869437,8997.96034817
2023-08-17,111.36000061,18.59576035,20.07977676,47.24238586,132973.44436473,8402.59448182
2023-08-18,111.69999695,18.74174881,20.13086700,46.71586609,129609.57184782,8264.03236503
2023-08-21,110.79000092,18.66528893,19.99036217,46.77690887,129755.99072188,8281.15839582
2023-08-22,112.41000366,18.95724869,20.29488754,47.75365067,129603.81116246,8134.66124174
2023-08-23,114.30000305,19.19360924,21.37560272,48.10466385,130495.65117527,8290.74559820
2023-08-24,113.30000305,18.97114944,21.34244919,47.46368408,127020.94143183,8059.19718782
2023-08-25,112.15000153,18.67223167,21.19658470,47.36447906,127120.43516039,8066.81904086
2023-08-28,113.50000000,19.30483627,21.43527412,48.04362106,127147.39360770,8048.12842917
2023-08-29,114.62000275,19.61071014,21.48168373,49.57741547,135104.49525507,8428.26162077
2023-08-30,113.90000153,19.23532104,21.62754822,49.58504868,132427.21824963,8272.01032695
2023-08-31,112.30999756,19.06847954,21.17669868,49.66135788,126763.41295080,8044.54259857
2023-09-01,114.05000305,19.23379326,21.63418007,52.56869888,127811.63476660,8067.22008875
2023-09-04,114.13999939,19.05988693,21.40875244,52.95787048,128450.31969394,8109.65315053
2023-09-05,113.62000275,18.77468300,22.12480736,52.72894287,127255.15288921,8063.92164911
2023-09-06,112.25000000,18.59382439,22.22426224,51.88192368,127908.60085536,8106.90772022
2023-09-08,111.66000366,18.62164879,22.14469337,50.90517807,128909.12551657,8141.58534065
2023-09-11,113.48000336,19.09466362,22.12480736,51.63773727,125385.50136996,7731.81032795
2023-09-12,114.22000122,19.20596886,22.23088837,51.59958649,127342.88383375,7849.72164585
2023-09-13,114.45999908,19.30335617,21.89937973,51.40117645,129741.02753992,7954.07597590
2023-09-14,115.58999634,19.22683334,22.45631027,53.50728607,130453.11348395,7997.22984080
2023-09-15,114.91999817,19.18509293,22.46957588,53.06469727,129536.43636322,7991.83341528
2023-09-18,114.65000153,19.13639832,22.62870026,52.43897247,130213.08959936,7968.96824103
2023-09-19,114.09999847,19.07971382,22.68173981,52.53816986,132074.60387342,7977.27306690
2023-09-20,115.02999878,19.40285873,22.73478508,52.88919067,132018.92100585,7896.66104712
2023-09-21,112.59999847,18.96028709,22.38338280,51.50801086,129618.16471571,7729.51689078
2023-09-22,112.61000061,18.91111374,22.56240082,51.88956070,131167.50676619,7862.61947818
2023-09-25,112.56999969,18.96731758,22.70826149,50.82123947,129754.06961463,7836.62604632
2023-09-26,110.65000153,18.68631744,22.18447685,50.02763367,130255.15965462,7916.57464129
2023-09-27,110.69999695,18.65119362,22.88727379,50.13446426,131399.91269263,7965.41044563
2023-09-28,112.18000031,19.14293671,22.84086609,50.89754868,136248.04604456,8334.16524797
2023-09-29,113.15000153,19.11483765,22.96683121,51.56906128,135441.31327248,8394.42812607
2023-10-02,111.48999786,18.93744850,22.62206841,51.11884308,138832.24199965,8389.34099333
2023-10-03,109.81999969,18.69844818,22.52261925,50.80598068,138836.83824494,8385.31463344
2023-10-04,110.18000031,19.12724304,21.62754822,50.26419449,143620.00696141,8513.22585894
2023-10-05,109.75000000,19.42951584,21.70047760,50.28708267,141318.06449132,8306.51669098
2023-10-06,110.66000366,19.61228180,22.21762657,51.01964569,144344.17582845,8500.71985665
2023-10-09,111.73999786,19.44357300,23.17237091,50.65336227,141937.32990748,8129.21099571
2023-10-10,113.12999725,19.42248535,23.34474945,50.95859909,140658.36414470,8050.51989987
2023-10-11,113.50000000,19.66851616,23.28508186,51.40117645,135737.14407636,7911.15298173
2023-10-13,112.05999756,19.46465683,24.05417824,50.81360245,135544.85446697,7831.68808986
2023-10-16,112.94000244,19.49278069,24.31938744,51.35540009,143971.97600471,8079.81747094
2023-10-17,112.33999634,19.20456886,24.97577286,51.77509308,143147.17350995,7886.05846730
2023-10-18,110.37000275,18.80389404,25.53933144,49.87501526,142701.18241890,7877.23327359
2023-10-19,110.59999847,19.02180099,25.41998672,49.15772247,145210.21124423,7925.21932589
2023-10-20,109.50000000,18.95150757,25.09511566,47.82995987,150281.80556984,8124.26800323
2023-10-23,109.34999847,18.97259712,23.43758011,47.73838806,166466.77325755,8882.17005023
2023-10-24,110.23999786,18.97259712,23.78897476,48.82959747,169924.62599651,8944.13610712
2023-10-25,109.34999847,19.00774002,23.91494942,48.78381348,172203.58223411,8920.90165044
2023-10-26,111.40000153,19.47872162,23.66963196,49.82923508,170602.21041327,9010.63504367
2023-10-27,109.84999847,19.19050789,23.49724770,51.56143188,169050.53200794,8874.05988877
2023-10-30,108.95999908,19.03586197,23.25856209,52.02690506,170856.74431510,8963.61349321
2023-10-31,109.62000275,18.85309601,23.03314018,52.65262985,174937.09580587,9166.03393466
2023-11-01,111.55999756,19.11873245,23.28508186,53.65989685,178394.68186312,9298.43447078
2023-11-03,114.75000000,19.64629745,23.56355095,54.33141327,172025.72629116,9077.65105471
2023-11-06,114.80999756,19.82918358,23.54365921,54.56034088,171655.08715266,9307.68333054
2023-11-07,115.66999817,20.38488388,23.15248108,53.47676086,173109.90220010,9221.78766037
2023-11-08,115.51999664,20.47632217,22.65521812,53.51491928,173694.68412413,9203.83404049
2023-11-09,115.18000031,20.56776428,23.12596130,53.77436447,180137.55307555,10410.46997279
2023-11-10,117.01000214,20.81396675,23.01987648,54.59849548,184103.38591763,10254.07376864
2023-11-13,116.81999969,20.67327690,23.66299629,54.48403168,178619.86741886,10057.19288866
2023-11-14,119.61000061,20.98277664,23.98788071,56.17044449,174354.77002131,9709.62779211
2023-11-16,120.95999908,21.32042313,23.57018089,56.54434967,175744.71651123,9531.64918295
2023-11-17,121.20999908,21.41889572,24.33927727,56.65117264,177940.38703995,9536.13889467
2023-11-20,122.25000000,21.62991714,24.35916901,58.03998947,180608.09500375,9745.52863627
2023-11-21,121.76000214,21.59474564,24.10722542,59.44406509,173761.45423061,9398.26049864
2023-11-22,122.15000153,21.72839546,24.22521019,58.87900162,183392.26628054,10114.23904102
2023-11-23,122.83000183,21.70026588,24.23210335,58.50928116,182924.23385716,10116.17442254
2023-11-24,121.66000366,21.58067894,24.30100250,58.01370621,184923.68458378,10202.84848589
2023-11-27,121.94000244,21.52440834,24.16320229,57.66759491,182578.94759149,9936.16950285
2023-11-28,122.72000122,21.73542976,24.52837563,57.79345703,185202.08813411,10032.53521399
2023-11-29,122.26999664,21.88314629,24.27344322,57.77771759,184363.28869185,9885.34939865
2023-11-30,123.56999969,22.22078705,24.74196243,58.09236908,184947.07590287,10065.94050613
2023-12-01,124.12000275,22.16987419,24.57660103,59.17005157,190468.58491838,10275.19839400
2023-12-04,122.95999908,22.19801903,24.05295944,57.84065628,205793.12253104,10996.60110258
2023-12-05,123.01000214,22.38100815,23.94272423,57.30574417,217895.05221522,11338.68933013
2023-12-06,121.72000122,22.18394661,23.08147430,56.92817688,215569.36043546,10996.95786256
2023-12-07,122.29000092,22.43025970,23.02635002,57.10908890,212185.99720903,11554.96865586
2023-12-08,123.30999756,22.71400642,23.76358223,57.26641846,216862.42959071,11581.60962755
2023-12-11,123.11000061,22.55794716,23.67401123,57.31361389,201817.87527588,10885.50108652
2023-12-12,122.59999847,22.44445229,23.48109627,57.41587067,204627.30868453,10870.80112652
2023-12-13,126.12000275,23.12544823,23.81870079,57.42374039,212931.08746285,11222.99026790
2023-12-14,126.87999725,23.31697083,24.33545113,57.73839569,211609.09897198,11393.86221481
2023-12-15,126.27999878,23.21766281,24.39057159,58.10023117,206067.98336270,10907.15536559
2023-12-18,127.26999664,23.33116341,24.69373131,58.37556076,209693.20213309,10908.22529852
2023-12-19,128.05000305,23.34534645,24.97621727,58.78460312,206952.26521181,10662.64576447
2023-12-20,126.81999969,23.10416603,25.06579018,58.59580994,212433.67029548,10715.60149755
2023-12-21,128.35000610,23.26022720,25.07268333,60.54664993,215599.33152327,11006.45524043
2023-12-22,128.94000244,23.62909698,25.31383133,60.09040451,214788.96734873,11357.62967474
2023-12-26,129.64999390,23.87028122,25.72034454,60.30279160,207063.46670769,10866.66451914
2023-12-27,130.46000671,24.03343582,25.74101067,60.88489532,209112.18165012,11450.06477058
2023-12-28,130.38999939,24.09728432,25.65833473,60.72757339,205726.28784648,11329.58875585
2024-01-02,128.75999451,23.79042053,26.03038788,60.60957336,218154.03974205,11431.46026266
2024-01-03,128.99000549,23.52782440,26.84340668,60.29492569,210920.15100405,10882.47605750
2024-01-04,127.34999847,23.37168121,26.61604118,59.48469543,217329.86919321,11161.85202424
2024-01-05,128.25000000,23.91817474,26.67805099,58.72167587,216202.86507389,11106.38895627
2024-01-08,128.57000732,23.66266823,26.47824097,58.42275238,228307.98905258,11340.09566052
2024-01-09,127.58999634,23.64847755,26.25086975,57.68333054,224654.34571624,11416.96328735
2024-01-10,126.94000244,23.62718964,26.00972366,56.81803513,228713.90453007,12665.47561565
2024-01-11,126.80999756,23.66977310,26.23019981,57.11695862,226807.29478080,12813.60469871
2024-01-12,127.23000336,23.69816208,26.29910088,56.39325714,208682.07012845,12293.36374703
2024-01-15,127.81999969,23.74074364,26.58159256,56.28313065,206306.33434694,12187.39730805
2024-01-16,125.48999786,23.40716934,26.25086975,55.55156708,209827.96574785,12581.87140772
2024-01-17,124.52999878,23.42136383,26.09929276,54.55255127,210503.29087566,12451.96652192
2024-01-18,123.55999756,23.32200050,25.99593735,54.27722931,203586.99773117,12172.27079106
2024-01-19,123.83999634,23.37877655,25.85814095,53.56927109,205016.42175645,12263.51817943
2024-01-22,122.69999695,22.99551392,25.97527313,53.33328629,193769.49656956,11333.77653757
2024-01-23,124.55000305,23.10198593,26.29910088,54.43455505,198761.55485176,11177.21380556
2024-01-24,123.97000122,22.99551392,26.09929276,54.98519897,198469.68437768,11061.04444226
2024-01-25,124.45999908,22.94583893,27.06388283,53.63219833,196973.50631861,10938.85533275
2024-01-26,125.08000183,23.28651428,27.53240776,54.67054749,205563.37887872,11145.10053431
2024-01-29,124.75000000,23.16586113,27.95269966,54.41095734,212701.12461914,11385.12662302
2024-01-30,123.56999969,23.01681137,27.78044891,54.10417557,212624.01040177,11605.71266743
2024-01-31,123.94999695,23.26521492,28.08361053,53.30181503,210796.68107853,11299.28020419
2024-02-01,124.76000214,23.21383667,28.64170074,53.05796051,213306.92271521,11408.30957905
2024-02-02,123.31999969,23.24935150,28.26963615,51.98028564,212258.49718072,11344.00710434
2024-02-05,123.86000061,23.68963051,28.39365959,51.53190613,210432.56847169,11340.27671897
2024-02-06,126.87999725,24.70509911,28.65547943,52.44439316,213266.67278317,11742.26436648
2024-02-07,126.05000305,24.52756500,29.07576752,52.54666138,219920.30847651,12027.34996786
2024-02-08,124.51000214,24.04468155,28.84150696,52.08254623,225117.06457618,12025.24084100
2024-02-09,124.12999725,24.35003090,28.45566559,51.85441971,235354.10223335,12417.42916683
2024-02-14,123.23000336,24.35003090,28.24208069,51.69710159,256645.80250252,13756.17279833
2024-02-15,124.05999756,24.55596924,29.14466667,51.53190613,258046.31427974,14032.36134067
2024-02-16,124.87999725,24.52756500,29.41337967,53.49060822,259361.40384813,13941.07567678
2024-02-19,125.13999939,24.79741096,29.55806541,53.08942413,257088.62075453,14615.14222318
2024-02-20,126.19000244,25.33710480,29.24801636,51.92522049,259144.75014186,14936.12930257
2024-02-21,126.18000031,25.19508362,29.28936195,52.31853485,255380.54438364,14633.15972967
2024-02-22,126.30000305,25.05215836,29.06887245,52.87703705,253184.89965825,14661.62347081
2024-02-23,125.61000061,25.12550354,28.86907005,53.00290298,251752.22275174,14498.43654905
2024-02-26,125.76999664,25.19883728,29.41337967,51.72069931,272257.62879069,15874.30554272
2024-02-27,127.83999634,25.50685310,29.37203598,53.08156204,284222.35161262,16154.13693502
2024-02-28,126.26000214,25.52152443,27.85624313,52.49945450,308298.63573502,16699.64647352
2024-02-29,125.25000000,24.89082336,27.65642929,52.69611740,303990.72316259,16600.31740869
2024-03-01,125.23999786,24.99915504,27.68398857,52.60958481,310317.45666573,17071.53113022
2024-03-04,124.50000000,24.80837822,27.61508942,52.49159241,338420.05116323,17980.45017025
2024-03-05,124.40000153,24.78636932,27.53240776,51.79935837,315490.55230459,17578.94457608
2024-03-06,125.15000153,25.05786324,28.13872910,52.50732422,327698.03586763,18932.28645639
2024-03-07,124.66999817,24.79371262,27.82868195,52.32639313,330852.83645325,19153.22576216
2024-03-08,123.26000214,25.02117157,25.28627014,51.92522049,336979.01760320,19202.65159341
2024-03-11,122.31999969,25.14591217,24.56282425,50.31263733,358999.62948218,20240.89305133
2024-03-12,123.80999756,25.24864006,25.36895180,49.99915314,355790.95574550,19811.41110026
2024-03-13,124.37000275,25.49811745,25.06579018,50.31966400,363129.98148751,19906.88277913
2024-03-14,123.81999969,25.48344803,24.95555305,49.67864990,354783.96324944,19296.10170198
2024-03-15,122.87000275,25.34402275,25.02445030,49.11159134,346512.22657797,18648.83433997
2024-03-18,123.05000305,25.44675064,25.03822708,50.04846573,335584.59812775,17477.51585863
2024-03-19,123.94999695,25.48344803,24.85220337,50.45936966,311384.09479097,15880.92438961
2024-03-20,125.44999695,25.53480148,25.28627014,50.79631042,341605.78378011,17672.36786116
2024-03-21,124.37000275,25.27064705,24.59727097,50.67304230,325243.33592746,17346.89251471
2024-03-22,123.20999908,24.91728592,24.83842087,50.08955383,317267.46160487,16583.43149540
2024-03-25,123.19000244,24.91728592,25.21736908,49.98271561,349857.01086006,17957.64999280
2024-03-26,123.23999786,25.41238403,24.98311043,49.34991837,347993.51202822,17837.79147998
2024-03-27,124.05000305,25.55277443,25.18292236,49.80191803,345588.94706114,17415.52302720
2024-03-28,124.33000183,25.59710884,25.74101067,49.99093628,353038.55220963,17771.92581108
2024-04-01,123.29000092,24.72297287,25.94082069,50.31144333,349430.79703953,17571.41586364
2024-04-02,123.73999786,24.75254440,26.60914612,50.90314484,330742.81018036,16561.83232872
2024-04-03,123.54000092,24.56772232,26.47134781,50.17173386,334153.23976222,16770.46697996
2024-04-04,123.68000031,24.24241829,26.16818619,49.61289978,345188.65792349,16778.74209437
2024-04-05,122.90000153,24.19805717,26.25086975,49.07049942,343082.09906841,16784.93103514
2024-04-08,125.12999725,24.56031609,26.61604118,51.74961853,362089.37063707,18679.33581951
2024-04-09,125.91000366,24.81908989,26.68494415,51.40445328,347347.50281389,17609.59016630
2024-04-10,124.15000153,24.29416847,27.27747536,50.62373352,353475.87001622,17745.61710418
2024-04-11,123.72000122,24.24980736,27.07766724,50.83740616,354941.04376800,17758.28564534
2024-04-12,122.12000275,23.99843597,26.82963181,50.64838409,342053.85704470,16508.34562671
2024-04-15,121.55000305,23.59181213,27.08456612,50.94424057,324558.24889049,15871.19837071
2024-04-16,120.84999847,23.41437149,27.20858383,50.49224091,330781.56109500,15991.30092583
2024-04-17,120.54000092,23.42916107,27.40838623,51.04285812,323877.95546651,15775.77755573
2024-04-18,120.48000336,23.45872879,27.45661736,51.23187256,332336.84956072,16043.29660669
2024-04-19,121.51999664,23.32565880,27.92513657,52.07012558,334648.85351522,16035.82097879
2024-04-22,121.80000305,23.31086731,28.59346962,52.04547119,347970.33619895,16668.44155426
2024-04-23,121.41000366,23.65835381,28.53834534,51.59347153,343040.04966020,16633.09732843
2024-04-24,120.97000122,23.55484581,28.40744019,52.23448563,329772.61713532,16108.76995129
2024-04-25,120.91000366,23.42176437,29.08955193,51.13325882,331790.63533625,16241.82032077
2024-04-26,122.83000183,23.81360435,29.50037384,51.13325882,328888.18602490,16147.26765256
2024-04-29,123.76999664,23.62877655,29.85452080,52.51390457,326579.25325034,16448.52673384
2024-04-30,122.37999725,23.18518829,29.76244164,52.01259995,310278.79567900,15413.87219966
2024-05-02,123.34999847,23.52372551,29.87576866,52.53033829,307110.75362592,15521.74173621
2024-05-03,124.94999695,23.81961823,29.49571991,52.58786774,321385.93262182,15860.03084157
2024-05-06,124.70999908,23.96756363,29.69536591,52.74401093,320287.92598030,15530.79115574
2024-05-07,125.40000153,24.46319580,30.05768967,53.07273865,316342.96914894,15258.07882249
2024-05-08,125.75000000,24.61853409,30.51613235,52.58786774,310424.77608724,15086.25486494
2024-05-09,124.51999664,23.87880135,30.81189728,53.01521301,320791.90645181,15446.96923275
2024-05-10,124.01000214,24.15250015,30.74534988,52.83440781,312523.50972237,14958.65490598
2024-05-13,124.55999756,24.44839478,30.77492714,53.14669800,322260.48005858,15110.33622491
2024-05-14,124.80999756,24.71471024,30.22035599,53.11382675,317255.39012900,14850.06457421
2024-05-15,124.23000336,24.64813232,28.39397621,52.95768738,339806.44563013,15573.41900472
2024-05-16,124.55000305,24.57415009,27.56581688,53.34393692,334872.86484409,15119.12572507
2024-05-17,124.37000275,24.58155441,27.12955284,54.38764191,343882.25420773,15868.49729339
2024-05-20,124.12000275,24.50757980,27.17391968,54.36298370,364528.70938268,18692.99146811
2024-05-21,123.69999695,24.38182640,27.12215614,54.20684433,357913.72020757,19337.24119391
2024-05-22,122.06999969,24.00455284,27.49187279,53.77949905,354037.69808105,19141.65601886
2024-05-23,121.09999847,23.79003334,27.21829033,53.45899200,349911.98017359,19455.33053672
2024-05-24,120.63999939,23.56070900,27.07040215,53.48365021,352436.57820278,19167.99638673
2024-05-27,120.87000275,23.47933960,27.36617279,53.66444778,358755.95526981,20120.89618027
2024-05-28,120.18000031,23.35358238,27.95031357,52.50568008,353207.55456148,19860.65375610
2024-05-29,119.12000275,23.19084358,27.91334724,51.97151184,348790.82759424,19422.98695301
2024-05-31,118.66000366,22.95412254,28.68235397,51.93863678,351097.07160366,19560.03368320
2024-06-03,118.44000244,23.27805710,28.52707100,50.84561920,360839.79646730,19752.45140348
2024-06-04,118.16000366,23.35947037,28.20911980,50.32788086,370410.20688032,20011.89607345
2024-06-05,117.90000153,23.31506538,28.24608421,49.61289978,375864.64149397,20433.05349844
2024-06-06,119.40000153,23.61112595,28.37918472,50.30321884,375041.25684965,20203.03537714
2024-06-07,117.12999725,23.27805710,27.31441116,49.64577866,364540.91583281,19338.92169383
2024-06-10,117.34999847,23.09301949,27.72849274,50.18816757,366360.38094741,19325.21860459
2024-06-11,118.00000000,23.35206985,27.84679413,50.11420822,360414.88963179,18725.86347953
2024-06-12,116.45999908,23.31506538,27.24086952,49.42388535,366107.15447214,19096.99326802
2024-06-13,116.18000031,23.07081032,26.96708870,49.99093628,360551.30948887,18737.58811066
2024-06-14,116.22000122,23.04860687,26.37390709,49.81835175,353925.07511303,18659.82593776
2024-06-17,115.73999786,23.61112595,26.47277641,49.62112045,356201.82810781,18811.15958825
2024-06-18,116.12000275,23.59632301,27.30171585,49.85122299,353323.39289694,18895.48715034
2024-06-19,116.76000214,23.78136444,27.32452774,50.00737381,353377.51386555,19362.49370743
2024-06-20,117.12000275,23.61853027,27.75800514,50.45936966,351526.90550162,19038.51767478
2024-06-21,118.01999664,23.78340149,27.90249443,49.99093628,349478.12992153,19171.05178688
2024-06-24,119.08000183,24.12657928,28.18388557,50.04846573,327072.84385413,18178.91308562
2024-06-25,118.90000153,24.20117760,28.16106606,49.84301376,333083.74165712,18296.82963098
2024-06-26,119.13999939,24.15641403,28.20670128,50.45936966,331464.01763317,18366.00923847
2024-06-27,120.80000305,24.20117760,28.67820358,50.59086609,340212.51466449,19023.91109760
2024-06-28,120.37999725,24.17880440,28.93677330,51.13325882,331790.92421695,18556.68542488
2024-07-01,121.08000183,24.06508064,29.37785912,51.88932800,351461.98152722,19238.04548777
2024-07-02,121.33000183,24.37858009,29.28659821,51.71674347,350774.09637358,19319.48675072
2024-07-03,122.13999939,24.52787018,28.77706337,52.74401093,341517.08855157,18688.94872719
2024-07-04,122.62000275,24.56518936,28.38161278,52.48103714,316533.92594169,16969.09104530
2024-07-05,122.69999695,24.58012009,28.53370667,52.26735687,310872.46141940,16358.24311895
2024-07-08,122.94000244,24.53533745,29.23335838,51.85645676,310250.04008065,16516.35817767
2024-07-09,123.54000092,24.70701218,29.22575951,51.79070663,317333.66466708,16761.48545935
2024-07-10,123.50000000,24.96826935,28.95198250,51.09216309,312796.87285810,16805.02904388
2024-07-11,124.56999969,25.11755180,29.14971161,50.96067429,310505.50796800,16787.36133685
2024-07-12,125.19999695,24.97573090,29.01282310,51.70852661,314857.30152637,17043.55559753
2024-07-15,125.72000122,25.07276917,29.27899361,51.76605606,351777.86628702,18923.14679160
2024-07-16,125.37000275,25.22205734,29.20294571,51.22365952,354571.16320759,18756.12973685
2024-07-17,125.81999969,25.49823189,29.35503769,50.74700928,347799.58112575,18381.61052461
2024-07-18,124.01999664,25.37880325,29.30180550,50.27035141,351070.48329022,18802.27896730
2024-07-19,124.00000000,25.57287407,29.42348289,50.22926331,369787.73919381,19432.98955031
2024-07-22,124.26000214,25.55795670,28.83790207,50.17173386,373129.52218390,18994.11841432
2024-07-23,122.94999695,25.52063179,28.46526909,49.49784851,367263.29283010,19397.15486652
2024-07-24,122.86000061,25.48330879,28.69341278,49.80191803,365122.97135278,18634.45609774
2024-07-25,122.41000366,25.37134361,28.65538979,49.77725983,371878.14229583,17946.94256391
2024-07-26,123.98000336,25.55795670,28.62496567,50.51689911,383234.54528254,18486.52073090
2024-07-29,123.45999908,25.74456215,28.04699516,50.60729980,375717.74447876,18670.86416150
2024-07-30,122.70999908,25.64752197,27.87208557,49.48962784,371685.60525700,18408.08008990
2024-07-31,124.04000092,25.28923225,28.45005798,50.64838409,362585.08639455,18131.12368187
2024-08-01,123.73999786,24.92153358,28.01657295,49.51428223,369701.23440027,18109.96948066
2024-08-02,122.37999725,24.60787201,27.17242622,48.82395935,353173.47234799,17171.36699895
2024-08-05,121.76999664,24.60787201,27.14961052,48.57164764,309192.86775380,13842.61489840
2024-08-06,122.73999786,25.15304565,27.62111855,48.81867981,320566.72402033,14066.11357210
2024-08-07,124.04000092,25.22026062,27.58309174,48.72497940,311207.80176351,13214.58094833
2024-08-08,125.30000305,25.13064384,28.02418137,48.42683411,347785.98141029,15122.83930644
2024-08-09,127.12999725,25.81025696,27.76560974,48.60571671,337647.20476910,14417.63434039
2024-08-12,127.65000153,25.84759521,28.39682198,48.35868454,326823.76775572,15001.53921226
2024-08-13,128.77999878,26.57949066,28.22190666,48.14572906,332861.67575810,14848.29548161
2024-08-14,129.67999268,27.23669624,28.71622849,47.70277405,320452.91672109,14528.06403536
2024-08-15,130.49000549,27.66985321,29.15731812,47.89869690,314790.42979754,14055.55285340
2024-08-16,130.28999329,27.43833160,29.27899361,47.77092361,323028.27895075,14223.36875647
2024-08-19,131.97999573,27.60263824,29.23335838,48.53757095,325506.53752676,14429.49481707
2024-08-20,132.44000244,27.80428123,29.11928940,48.72497940,318999.55785903,13909.18702280
2024-08-21,132.74000549,27.69225311,28.94437599,49.66199112,335123.80521445,14415.04726559
2024-08-22,131.57000732,27.43833160,29.03291321,49.73014069,331043.84845443,14380.33133842
2024-08-23,131.97999573,27.22922134,28.85301971,48.89533997,358345.12842053,15455.74669845
2024-08-26,133.21000671,27.28896713,30.94915390,49.44903564,344925.58579032,14708.22613251
2024-08-27,133.00999451,27.31883621,30.53461647,50.93974304,327016.85570636,13512.42328065
2024-08-28,133.61999512,27.90882874,30.97261047,50.57345963,325118.26978827,13926.26048491
2024-08-29,132.16999817,27.60263824,30.76143456,50.51383209,330328.93718098,14065.65106839
2024-08-30,132.60000610,27.40846062,30.79272079,50.75234604,332706.66950049,14214.56821646
2024-09-02,131.10000610,27.19001961,30.50332642,50.03680420,331573.72549041,14237.19995750
2024-09-03,130.63000488,27.63085556,30.13572502,48.17128372,322480.93435831,13591.93194615
2024-09-04,132.38000488,27.82512665,30.14354515,48.54609299,327394.26906691,13830.59798771
2024-09-05,132.88999939,28.00445747,29.95583344,48.89533997,316857.48602305,13358.77572016
2024-09-06,130.96000671,27.60844040,29.36923409,48.28202057,300359.69354699,12381.43247252
2024-09-09,131.03999329,27.87742615,29.68990898,48.28202057,319115.53363115,13199.48148726
2024-09-10,130.63000488,27.87742615,29.19716454,47.70277405,321927.69886333,13344.13758214
2024-09-11,131.21000671,27.92973328,29.16587830,49.05719376,324728.64634846,13250.28866114
2024-09-12,130.30999756,27.62338638,28.83738327,49.50014496,329429.01942969,13385.16154784
2024-09-13,131.21000671,27.65327072,28.70442009,49.83236313,340755.96662023,13735.74949233
2024-09-16,131.38000488,27.64580727,29.10330582,49.83236313,326597.88589743,12881.98136371
2024-09-17,131.33000183,27.57855606,28.97034264,49.59385300,331932.17122888,12888.52548017
2024-09-18,130.05000305,27.42165184,28.27424240,49.01459885,337945.04566238,12990.14334692
2024-09-19,129.36999512,27.34693336,28.36809731,49.60236740,343717.83368677,13460.01166465
2024-09-20,127.62999725,27.04805183,28.36027527,48.85274887,342752.39362882,13890.99886364
2024-09-23,127.00000000,26.88996506,28.64967155,49.00608063,349175.18151859,14603.02502036
2024-09-24,128.67999268,26.88243866,28.76698685,51.39974213,355982.12345703,14694.77437043
2024-09-25,127.91999817,27.22120285,28.97816658,51.62973404,344111.18709222,14056.89413222
2024-09-26,129.33000183,27.56748581,28.35245895,54.73041153,356787.87659543,14408.13657269
2024-09-27,129.03999329,27.67287636,28.24295807,54.48338318,357684.09457479,14656.80262315
2024-09-30,128.42999268,27.18355560,28.16474152,54.10005188,344081.83195925,14142.96019562
2024-10-01,128.86000061,26.73742485,28.91559792,54.36412430,331470.44658147,13342.94722835
2024-10-02,129.85000610,26.90311050,29.31448174,54.66226959,328872.21373494,12829.01617833
2024-10-03,128.02999878,26.24032974,29.67426491,53.61450577,330549.37582901,12783.56936182
2024-10-04,128.19999695,26.29305267,29.59604645,53.22266388,339900.10717221,13224.13550975
2024-10-07,128.44999695,26.46628380,30.01058388,53.69117355,339457.41093189,13209.20518632
2024-10-08,127.93000031,26.62444305,29.40833855,52.06416702,341365.47697453,13404.97399526
2024-10-09,126.34999847,26.13488197,29.11112595,51.92787552,335303.75247994,13107.73819863
2024-10-10,126.80000305,26.27798271,29.44744873,52.17490768,337302.12062073,13340.30690183
2024-10-11,126.47000122,26.08216476,29.42398262,52.92451859,348549.74850014,13599.88662966
2024-10-14,127.50000000,26.24786377,29.49437332,52.75415802,370558.38857228,14749.70577805
2024-10-15,127.40000153,26.54912376,29.25191307,52.10676193,375074.88520902,14579.91076458
2024-10-16,128.07000732,26.39096069,29.10330582,53.10341263,382147.08302201,14757.94866153
2024-10-17,127.30999756,26.44368172,28.88430595,51.75750732,382022.28500613,14761.02241995
2024-10-18,127.00000000,26.57172012,28.80609703,51.57862473,386689.32267211,14929.52539560
2024-10-21,126.75000000,26.43615150,28.35245895,51.39122009,379678.47600883,15023.68720733
2024-10-22,126.50000000,26.48134804,28.24295807,51.45936966,383158.40553716,14903.94509147
2024-10-23,125.80999756,26.64703941,27.89099121,50.55641937,377952.69279542,14275.01639188
2024-10-24,126.59999847,26.88805199,28.07871056,50.85456467,387597.84242073,14412.42610386
2024-10-25,126.34999847,26.58678436,28.27424240,52.58378983,377462.63553799,13797.13072426
2024-10-28,127.83999634,26.91064835,28.22731400,53.56340408,397482.43468516,14586.08970178
2024-10-29,127.25000000,26.62444305,28.16474152,53.37599564,415248.54233865,15063.26458727
2024-10-30,127.23000336,26.54912376,28.03959846,53.21414566,416675.76155721,15306.46654572
2024-10-31,126.26000214,26.37589836,28.08652878,52.86489487,404600.97594908,14496.79043740
2024-11-01,124.59999847,26.23095703,27.70327950,52.83933640,402261.81157869,14542.31015536
2024-11-04,127.15000153,26.58512497,27.76585197,53.38451385,385001.59851221,13609.17951559
2024-11-05,127.15000153,27.38388062,27.67981720,52.91600800,401633.47033572,14028.60033686
2024-11-06,126.30000305,27.25577927,27.68763924,52.31971741,434153.17883293,15636.18624919
2024-11-07,126.05999756,26.85640144,27.77367210,54.14265060,430744.88984270,16431.86807306
2024-11-08,124.50000000,26.43441772,28.29770851,51.64677429,435620.30594920,16858.43008102
2024-11-11,124.34999847,26.46455574,28.35245895,49.96013641,508827.20627028,19359.27765596
2024-11-12,124.19999695,26.14805794,28.88430595,48.82719803,506220.89916638,18683.50999079
2024-11-13,124.33000183,26.01242256,28.84520340,48.69090271,520695.88640435,18351.67983165
2024-11-14,124.26999664,25.93706894,29.15023613,48.41831589,506567.27817664,17759.95073062
2024-11-18,124.41000366,25.84664536,29.87762070,49.02311707,524658.38626365,18588.24498982
2024-11-19,124.87999725,26.08024788,29.56476593,49.13385391,530644.33833722,17879.25683334
2024-11-21,123.59999847,25.62811852,29.65080070,49.08274460,568441.22339478,19395.63398421
2024-11-22,126.01999664,25.70347404,30.83182907,49.55977631,575582.29770419,19370.25968208
2024-11-25,125.66999817,25.69594383,30.64411163,49.55125427,539928.16830917,19796.16606355
2024-11-26,126.65000153,26.18574333,30.60501289,48.92090225,533257.31758330,19284.48696366
2024-11-27,124.09999847,25.54523087,30.49551392,49.51718521,557503.90968940,21247.15489290
2024-11-28,121.30000305,24.62589455,30.18265915,49.00608063,567926.95496634,21254.77245311
2024-11-29,122.31999969,24.56561661,30.42511368,50.07087708,586123.83661661,21610.91517320
2024-12-02,121.87999725,24.21702385,30.62065506,50.19012833,572622.62303893,21767.52583135
2024-12-03,122.68000031,24.48844719,30.89439583,49.80680847,581465.89660015,21929.92603907
2024-12-04,122.75000000,24.63923264,30.69886971,48.83571243,596868.09936623,23213.54723646
2024-12-05,124.51000214,25.16700554,31.00389862,49.23607635,583309.22948397,23013.91602250
2024-12-06,122.45999908,24.65432167,30.52679443,48.39276505,600553.46488045,24076.12376863
2024-12-09,123.76000214,24.77495766,31.31675720,50.96530151,593199.64379187,22640.50379137
2024-12-10,124.77999878,25.11029053,31.43407822,50.91419601,587457.92326730,22069.20117745
2024-12-11,126.61000061,25.35384560,31.74692726,50.12198639,611621.32651033,23170.55899280
2024-12-12,122.72000122,24.72209358,31.17908859,48.73874664,595525.97991514,23114.93920732
2024-12-13,121.62999725,24.40241814,30.98391151,48.00822067,608359.85058324,23451.97803291
2024-12-16,120.22000122,24.13601685,30.85379791,47.98244476,640514.95242694,24087.97463208
2024-12-17,121.59999847,24.26540947,31.14655495,48.22308350,652478.09520563,23893.11642077
2024-12-18,118.19999695,23.57276535,30.34146881,47.10581207,610573.51708467,22086.20666751
2024-12-19,117.98000336,23.70216370,30.21948051,46.21199799,613110.84521531,21495.00691727
2024-12-20,119.05000305,23.97617340,29.96738243,46.94251633,601355.36572918,21361.75950365
2024-12-23,117.69999695,23.51187134,29.97551346,47.14019012,576090.02575944,20782.32120991
2024-12-26,117.95999908,23.66409683,30.20085144,47.27769852,592284.49639248,20596.30244970
2024-12-27,117.26000214,23.42814636,30.10797691,47.04565430,578972.63463429,20467.84601218
2024-12-30,117.26999664,23.39008904,30.55545807,46.88235855,573804.24045783,20788.48816314
2025-01-02,117.09999847,23.28167915,31.04515839,46.62452698,610387.33097970,21743.77390049
2025-01-03,115.44999695,22.71048355,30.71587753,45.75649643,603458.80225331,22174.41515087
2025-01-06,117.06999969,23.73101616,30.57234764,45.17208099,630914.00791952,22798.19939129
2025-01-07,118.15000153,23.98995209,31.22246170,44.73376465,592730.78837282,20680.03645401
2025-01-08,116.66999817,23.60153961,30.96917152,44.30404282,579851.04860017,20293.60328128
2025-01-09,116.81999969,23.66246605,31.10425758,44.02902222,564689.05974920,19657.20023742
2025-01-10,115.95999908,23.33499146,31.18868637,44.27825928,571485.36829195,19717.99437961
2025-01-13,116.01999664,23.50253487,31.29844856,44.26966858,577108.42257366,19145.04736604
2025-01-14,116.45999908,23.51776886,31.08737373,44.56187057,588220.56137542,19643.19956566
2025-01-15,119.56999969,24.53829575,31.48420143,45.20645142,608534.60267074,20892.31516212
2025-01-16,118.33000183,24.46213150,31.28156471,45.26661301,599758.45965500,19890.43269936
2025-01-17,119.25000000,24.63729858,31.40821266,46.83079147,631984.89586249,21018.00120541
2025-01-20,119.80999756,24.87339211,31.48420143,46.65890503,618849.71935145,19885.09726522
2025-01-21,120.30000305,24.92670822,31.49264145,46.42685699,640040.74590599,20063.59400062
2025-01-22,119.91999817,24.83530807,31.31533432,45.25801849,624043.32879585,19507.77285405
2025-01-23,119.31999969,24.78200150,31.09581757,44.96580887,617554.60772002,19809.20219482
2025-01-24,119.44999695,24.72107315,30.93540001,45.57601166,620950.60304564,19605.80270804
2025-01-27,121.87000275,25.31511116,31.39132118,46.37528992,603246.35989198,18784.55877270
2025-01-28,121.02999878,25.36080933,31.34910965,45.24942780,597111.75742241,18132.19358834
2025-01-29,120.16999817,25.29987907,31.15491295,45.37833786,607296.38211598,18230.03383766
2025-01-30,123.94999695,25.91675949,31.56862831,47.29488754,613403.25305019,19021.27311422
2025-01-31,123.00000000,25.74921417,31.82192039,46.55576706,601578.28947945,19375.65787881
2025-02-03,122.63999939,25.51120567,31.66150093,46.59014511,592268.50839572,16847.60001788
2025-02-04,121.91000366,25.60264587,31.34910965,46.42685699,568263.36578657,15880.25475627
2025-02-05,122.37000275,25.99126053,31.12114525,46.67609406,556224.79038081,16049.52307801
2025-02-06,123.16000366,26.03697586,31.06204605,47.38083267,560521.22673894,15600.52102332
2025-02-07,121.48000336,25.84648132,30.88474274,47.12300110,556055.79512422,15105.24739181
2025-02-10,122.55000305,26.12841606,31.09581757,47.61288071,565449.59476346,15443.28225505
2025-02-11,123.44999695,26.40273094,31.09581757,47.40661621,554080.80502241,15062.03916727
2025-02-12,121.25000000,25.67122459,30.63144684,47.08862305,564263.05018317,15776.87253950
2025-02-13,121.68000031,25.80838585,30.66521835,47.14878082,556978.62053165,15424.97289193
2025-02-14,124.87000275,26.49417114,31.61084938,47.84492493,562324.47798464,15721.09754601
2025-02-17,125.25000000,26.54750443,31.80502892,47.58709335,546023.21089439,15639.53019275
2025-02-18,125.30000305,26.50309944,32.38760376,47.90509033,545731.44847454,15247.53062065
2025-02-19,124.01000214,26.25562668,32.45514297,47.86211395,549721.33360998,15448.93506035
2025-02-20,124.47000122,26.18378258,32.50580978,49.62397003,562499.64211217,15675.83329221
2025-02-21,123.94000244,26.10395241,32.41293335,49.98492813,548040.59425931,15163.49438588
2025-02-24,122.48999786,25.96026039,32.18497086,49.52942657,523917.53813337,14406.70967336
2025-02-25,122.83000183,26.22369766,32.04143906,49.04814148,512699.86123871,14407.47912314
2025-02-26,121.81999969,26.15983582,32.04143906,48.74733734,484177.23369657,13383.23798679
2025-02-27,121.75000000,26.13588524,30.91006279,48.38637543,491428.52100591,13375.72896404
2025-02-28,120.01000214,25.49725533,30.33593750,47.39802170,492654.01160678,13067.12939528
2025-03-05,120.05000305,25.87876701,29.22989845,47.77617264,533383.12227178,13195.60627103
2025-03-06,120.40000153,25.92669868,28.92594719,48.30043030,516389.29826789,12642.43691279
2025-03-07,121.94999695,26.03851700,29.23834229,49.00517273,499898.01900832,12326.98526838
2025-03-10,121.30000305,26.27014351,29.22989845,48.21207047,454142.69153595,10762.85197436
2025-03-11,120.55000305,26.03851700,28.79085732,48.61390686,484984.23673519,11236.66068322
2025-03-12,120.73999786,26.11838722,28.79085732,48.00667953,486309.69238599,11088.51661624
2025-03-13,122.51000214,26.54171562,29.07791901,48.66748810,470008.53657344,10801.12529232
2025-03-14,125.75000000,27.40433693,29.97288704,50.26592636,486894.84053522,11072.04758517
2025-03-17,127.76000214,28.22702789,30.53012848,50.98923874,482644.90083519,11062.15322840
2025-03-18,128.25999451,28.37878036,30.55545807,51.36429214,469681.36006308,10973.11531616
2025-03-19,129.60000610,28.44907379,30.53012848,51.27499390,492645.86431643,11671.75837399
2025-03-20,128.85000610,28.18549347,30.59767342,51.11426163,475384.72736822,11195.09798303
2025-03-21,128.97999573,28.24699402,31.07048225,51.30178070,476852.96255568,11148.34867453
2025-03-24,128.19000244,28.27335548,31.02826881,51.03389359,501333.77387360,11903.12360251
2025-03-25,129.03999329,28.50178528,31.27311707,51.20355606,503906.97728542,11911.97553561
2025-03-26,129.24000549,28.19427681,31.56862831,51.51609802,495195.99240885,11449.16452547
2025-03-27,129.77999878,28.22942543,31.80502892,51.92687225,499829.91214115,11480.51628596
2025-03-28,128.69000244,27.84283829,31.60240173,51.40001297,484128.00577787,10878.85953629
2025-03-31,127.30000305,27.59683609,31.37443733,50.63204956,475324.90477141,10499.78013536
2025-04-01,128.03999329,27.60355759,31.49264145,51.06960678,485328.01076693,10858.25254687
2025-04-02,128.89999390,27.61235237,31.40821266,50.83743286,468626.08301658,10199.71336048
2025-04-03,128.10000610,28.10463905,30.39504242,48.99789047,470669.49627429,10283.22463785
2025-04-04,124.12999725,27.37499428,29.17079926,47.04226303,472090.92462647,10221.42636139
2025-04-07,122.73000336,27.42773628,28.01409531,46.47968292,462736.75425356,9082.65420400
2025-04-08,121.04000092,27.43652534,27.01781464,43.93468475,451041.81955598,8708.08996844
2025-04-09,124.55000305,27.93761063,28.11541176,46.30108643,496541.94753864,10030.42507018
2025-04-10,123.41000366,27.82332802,26.36769867,47.13155746,463272.84682631,8858.16658629
2025-04-11,124.72000122,27.96398354,26.89117050,47.91738129,490779.09545141,9221.57981554
2025-04-14,126.41000366,28.42111015,26.78985214,48.54246902,495773.49684273,9516.24741964
2025-04-15,126.19999695,28.78154182,26.17350769,48.05133057,489815.00455274,9300.17188647
2025-04-16,125.27999878,28.73759270,26.17350769,46.93510437,494505.70850758,9286.51897952
2025-04-17,126.52999878,28.79033470,26.69099998,47.22085953,497947.51825392,9282.27877535
2025-04-22,127.33000183,29.35295486,26.75156403,48.06026077,542626.38615259,10205.00039429
2025-04-23,129.08000183,29.96832085,26.44874763,48.63176727,535949.54800978,10273.53692410
2025-04-24,131.38000488,30.54852104,26.32762337,49.39080429,535799.06378307,10094.05815738
2025-04-25,131.49000549,30.43423843,26.40549088,48.08704376,537889.30053163,10145.76140399
2025-04-28,131.64999390,30.75950241,26.30166626,48.25671768,539925.70128441,10225.93288717
2025-04-29,131.86000061,31.00565147,26.44009590,48.07812119,532982.50473635,10170.56047773
2025-04-30,131.63000488,31.27817345,25.94694328,47.20299911,529445.08546883,10081.01749003
2025-05-02,131.85000610,31.19695091,26.65639496,47.14941788,550168.17776798,10461.23727275
2025-05-05,130.33999634,30.64284325,25.66143227,47.29229736,536927.76607201,10312.04410547
2025-05-06,130.38000488,30.48453140,26.08537102,47.32801437,550447.90320134,10321.13182864
2025-05-07,130.21000671,30.81875229,26.20649719,47.23871994,554326.24199826,10349.34674250
2025-05-08,133.03999329,31.06501961,26.56987381,47.09584427,593080.87783379,12675.54365044
2025-05-09,133.24000549,32.74491882,26.74291229,47.28336716,582979.78483321,13279.32453164
2025-05-12,133.38999939,32.08527756,27.38315010,48.47103119,580708.12544887,14100.15360543
2025-05-13,135.61000061,32.48105621,27.79844093,49.26578522,590621.98256683,15195.79850188
2025-05-14,135.30999756,32.70094299,27.60809898,49.02468109,579869.29037264,14617.57851458
2025-05-15,136.07000732,33.14070892,27.57349205,49.51581955,584756.65461443,14355.35880502
2025-05-16,136.11000061,33.33420563,27.70326805,49.55154037,587953.71484738,14409.46801114
2025-05-19,136.41999817,33.72998810,27.66866112,49.41759491,597590.91823738,14311.72952012
2025-05-20,136.83999634,33.68602371,27.78113556,49.42651749,602782.26094643,14247.69448022
2025-05-21,134.58999634,33.00878525,27.46966934,48.79250336,621578.59675907,14464.91767753
2025-05-22,134.05000305,32.78010559,27.10629082,48.42638016,630362.17629507,15038.36705283
2025-05-23,134.47000122,33.17588806,27.16685486,48.50674820,613278.49107280,14441.64684141
2025-05-26,135.00999451,33.24625397,27.08033562,48.22992325,617812.73629894,14475.07367710
2025-05-27,136.46000671,33.51011658,27.27932930,48.07812119,617629.05534621,15090.55207138
2025-05-28,135.71000671,33.23745346,27.19280815,47.69413757,607724.86077446,15120.70735274
2025-05-29,135.36000061,32.97360229,27.02842522,47.72985840,600964.28870412,14976.38380055
2025-05-30,133.99000549,32.92082977,26.73426247,46.52433395,589162.31083345,14332.38375534
2025-06-02,133.60000610,32.68998718,26.88999367,46.93510437,605727.05581610,14914.68267430
2025-06-03,134.39999390,32.58437347,26.89816284,46.90830994,598055.13549618,14710.12301711
2025-06-04,133.80999756,32.50518417,26.15842056,47.12263107,590458.00420216,14707.00844501
2025-06-05,133.25000000,32.10920334,26.16733170,47.24764633,572085.93628980,13608.76263296
2025-06-06,133.05999756,32.18841553,26.44362259,47.31015396,582978.31075944,13834.14214540
2025-06-09,132.72999573,32.02122116,25.99799538,47.58697891,613532.97612598,14916.47456534
2025-06-10,133.35000610,31.97156906,26.78229904,47.90845490,612699.46908699,15634.71763241
2025-06-11,133.97000122,32.26464462,27.67355919,47.48875046,605612.76082474,15454.38304583
2025-06-12,134.66000366,32.51330948,28.29743767,47.17620850,586402.05883781,14679.80762743
2025-06-13,133.99000549,32.12255096,28.99261665,46.55112457,587457.53291488,14283.38857624
2025-06-16,136.07000732,32.70869064,28.70741463,48.06919098,591536.55101089,14072.15666852
2025-06-17,135.38000488,32.90407181,29.35803413,45.90817642,574343.80419778,13786.08886342
2025-06-18,135.41999817,32.70869064,29.33130074,45.75637054,576124.12459141,13865.98829164
2025-06-20,133.89999390,32.53995514,29.25108528,44.57762909,567169.68893243,13216.09950272
2025-06-23,133.47000122,32.46889877,28.52025223,45.14020920,582620.40523596,13364.59927617
2025-06-24,134.07000732,33.08168793,27.95876312,45.13128281,582593.51485928,13448.87108504
2025-06-25,132.55000305,32.48666763,27.81615829,45.07770157,591592.75604344,13331.12594693
2025-06-26,133.96000671,32.24688721,28.03897285,46.43503189,594472.97885895,13428.70178628
2025-06-27,133.78999329,32.21135330,27.81615829,47.21192551,586534.02704823,13275.76138212
2025-06-30,135.85000610,32.81525803,27.96767426,47.01547241,586930.24908481,13621.84689790
2025-07-01,136.52000427,32.96421432,28.06571007,47.64948654,573962.81740777,13063.93589362
2025-07-02,135.91000366,32.69766998,28.56481361,49.38187027,594241.24019768,14036.40553626
2025-07-03,137.91999817,33.50622559,28.66285515,49.14970016,594993.80026320,14059.84262252
2025-07-04,138.13000488,33.52398682,28.62720299,49.29257584,584390.11723168,13569.32772213
2025-07-07,136.44999695,33.07973099,28.57372856,48.56925583,586920.23885841,13781.60619429
2025-07-08,136.14999390,32.99976349,28.98370934,48.73892975,597886.41396364,14353.11146658
2025-07-09,134.11000061,32.31561279,28.80545425,48.25671768,606295.57564370,15089.93247250
2025-07-10,133.61000061,31.32045555,28.73415565,49.36400986,647417.36854481,16493.35497287
2025-07-11,133.50000000,31.06278419,29.08174706,50.00696182,649998.21154950,16360.36392681
2025-07-14,132.08999634,31.00947189,28.69850349,49.43545532,667790.54776654,16790.08916135
2025-07-15,132.36999512,31.11610031,28.47569466,48.14062881,658021.13398254,17542.56313044
2025-07-16,132.39999390,31.26714325,28.33308983,48.57819366,659117.81062228,18715.24449095
2025-07-17,132.47000122,31.73805809,28.04788589,48.48888779,664038.82583454,19353.86763786
2025-07-18,130.30000305,31.16051865,27.62008476,48.72106934,654516.68051637,19684.97364882
2025-07-21,131.19999695,31.52481461,27.67355919,50.05160904,655089.51685713,20992.46242938
2025-07-22,131.14999390,31.09832573,27.94093704,51.34643173,667834.45087331,20865.86850852
2025-07-23,132.38999939,31.44484711,28.51134109,51.27499390,660740.72643533,20195.30791178
2025-07-24,130.77999878,31.15163612,28.46677780,50.48023605,652965.21867371,20454.84165817
2025-07-25,130.44999695,31.28491211,28.50242996,49.73906326,649350.07088127,20574.51291719
2025-07-28,129.25000000,30.62740898,28.53807831,49.25685501,656273.27951159,21077.78139723
2025-07-29,129.50000000,30.80511284,28.91240501,48.95324326,658807.47049643,21193.27383985
2025-07-30,130.92999268,31.16051865,29.20652008,48.07812119,656696.80078483,21223.87035239
2025-07-31,129.88000488,31.24048805,29.09065819,47.73878479,645398.27130754,20610.62400586
2025-08-01,129.57000732,31.05171585,28.70741463,47.99774933,634456.51780995,19530.66401098
2025-08-04,130.00000000,31.38063049,28.66285515,48.38173676,637256.57649121,20595.37292668
2025-08-05,130.16000366,31.72733307,28.79654503,48.31922913,627332.79174747,19851.36018500
2025-08-06,131.49000549,32.12736893,28.83218956,48.01561356,632999.05898857,20272.61455957
2025-08-07,133.52000427,32.69631577,28.99261665,48.36387253,641403.81592225,21367.91370836
2025-08-08,132.91000366,32.91855240,27.21010399,49.46224213,631787.76813213,21710.52463376
2025-08-11,132.50000000,33.12301254,27.37944221,49.40866470,644984.84115070,22962.15211443
2025-08-12,135.10000610,33.80751801,27.45074272,49.92658997,654016.98879734,24985.18934302
2025-08-13,133.66000366,33.48749161,27.24575424,49.99627304,666205.92788413,25689.59640988
2025-08-14,133.36000061,33.44304276,26.89816284,49.37697983,638100.16535340,24520.07555428
2025-08-15,133.55999756,33.32748032,26.88924980,49.28454971,635019.42997517,24016.34350055
2025-08-18,134.33000183,33.56749725,27.05858994,49.17363358,627809.00722802,23289.25206666
2025-08-19,131.16999817,32.59215546,26.77338982,49.21060562,613316.43662676,22142.12862443
2025-08-20,131.80000305,32.61010361,26.93381691,48.98876572,628236.83163003,23829.35022499
2025-08-21,131.63000488,32.64601898,26.99620247,49.40471268,614837.78515097,23097.41535520
2025-08-22,135.14999390,33.56158066,27.77270889,50.64329529,638693.49092107,26402.35343357
2025-08-25,135.11000061,33.39102936,27.93677711,50.76345444,597017.13990021,23707.27843510
2025-08-26,134.94000244,33.16662979,27.73625374,51.21636963,604818.82021807,24886.92824916
2025-08-27,136.19999695,33.72314453,27.94589233,51.18864059,604069.26890481,24458.82854596
2025-08-28,138.30999756,34.42328262,28.19199181,51.20712662,609733.96740444,24418.53597248
2025-08-29,138.50000000,34.54894638,28.34694290,51.35502243,586827.86650921,23601.50774550
2025-09-01,138.28999329,34.82522583,28.41074371,51.39199066,593492.95024292,23437.92897275
2025-09-02,137.36999512,34.23253632,28.55658150,51.19788361,604753.24340137,23523.06804520
2025-09-03,136.86999512,33.93618774,28.31048012,51.39199066,610790.79504769,24330.27757253
2025-09-04,138.00999451,34.07088470,28.31048012,51.49366379,603233.26364075,23419.98833954
2025-09-05,139.64999390,34.44805527,27.88208771,51.96506882,602383.93318940,23447.24585911
2025-09-08,138.80000305,34.28641129,27.99146461,52.09447098,606552.98884756,23316.14860426
2025-09-09,138.60000610,33.99007034,28.21022034,51.93733597,604529.02399238,23356.29769321
2025-09-10,139.16000366,34.01700974,28.72064972,52.29782104,619187.83487495,23631.51946206
2025-09-11,139.96000671,34.07987213,28.61126900,52.70452118,623971.72028748,24099.58259712
2025-09-12,139.21000671,33.56799698,28.41985893,52.68603516,625578.50075419,25406.68808859
2025-09-15,140.44999695,34.12477112,28.66596031,53.14818954,617745.50674796,24223.01473238
2025-09-16,141.11000061,34.03496933,28.73887825,53.33305359,621044.89290601,23937.34511468
2025-09-17,142.60000610,34.51989365,28.91205788,53.42548370,616793.94802064,24322.19849154
2025-09-18,142.52999878,34.56479645,28.62949944,53.32381058,622010.27151903,24372.92895219
2025-09-19,142.78999329,35.02278519,28.31048012,53.53639984,613648.39727656,23715.08424782
2025-09-22,141.99000549,34.51989365,28.59304428,53.61035156,599878.42420367,22361.40899412
2025-09-23,143.33000183,35.06768417,29.07612228,53.30532074,597518.95196486,22220.04765872
2025-09-24,143.41999817,34.83420563,29.73238564,53.50867081,598556.50688957,21936.96312257
2025-09-25,142.27999878,34.55582047,29.49540329,53.80445480,581221.78264517,20617.83248286
2025-09-26,142.44000244,34.72643661,29.39514160,52.76922226,588466.68667178,21647.29178982
2025-09-29,143.44999695,34.92399979,28.99409103,52.94483948,611155.81209486,22530.10774426
2025-09-30,143.24000549,35.08565140,28.67507362,53.22213745,606972.28349785,22063.54253024
2025-10-01,142.52000427,34.45463562,28.60215569,53.89688873,631152.97785178,23145.74177200
2025-10-02,140.99000549,34.07730103,28.32871246,54.25737000,643086.31093839,23915.24939925
2025-10-03,141.22000122,34.32885742,28.25579262,54.15569687,652487.54949374,24094.05769123
2025-10-06,140.66999817,33.93355179,28.00057983,55.08001328,665504.84968464,25007.38562822
2025-10-07,138.44999695,33.39449310,28.10084152,54.30358505,645052.60162852,23640.95836641
2025-10-08,139.19999695,33.45737839,27.93677711,54.71953201,660417.26573794,24240.12077531
2025-10-09,138.75000000,33.40347290,27.53572464,54.63634109,649323.62175873,23310.25396296
2025-10-10,137.80999756,33.36753845,27.28962898,54.41450119,608776.30957899,20664.62734726
2025-10-13,138.75000000,33.50230408,27.55395699,55.22790527,636642.13722147,23447.71750859
2025-10-14,138.74000549,33.64605331,27.36254692,55.22790527,618091.67918590,22541.66382843
2025-10-15,139.49000549,33.64605331,27.11644745,56.25389481,607257.93029016,21857.25969259
2025-10-16,139.16000366,33.56518936,26.84300423,55.73627472,589538.16235859,21223.68439114
2025-10-17,140.39999390,33.68198776,27.09821701,55.57914352,579271.54075888,20852.24350597
2025-10-20,141.27000427,34.28394318,27.11644745,56.29087067,597854.79025609,21520.38719774
2025-10-21,141.44999695,33.96050644,26.89769363,56.19843674,582379.88567784,20813.18385311
2025-10-22,141.88000488,34.23901749,27.20759392,57.19670105,580086.12238367,20513.21305524
2025-10-23,142.67999268,34.21206284,27.51749802,57.08577728,594310.50738236,20820.22967016
2025-10-27,144.00000000,34.45463562,27.34431648,56.99335098,614909.16911891,22200.45351257
2025-10-28,144.32000732,34.57143402,27.33520317,57.49247742,606947.36488872,21397.89112967
2025-10-29,145.30000305,35.34408569,27.36254692,58.53695679,589610.28278350,20911.82327641
2025-10-30,145.69999695,35.29916000,27.24405098,58.98062897,580279.45979055,20383.08170918
2025-10-31,146.41000366,35.43392944,27.11644745,60.32088852,589631.27164099,20704.98617703
2025-11-03,147.36999512,36.02503204,27.43546677,60.40407562,572650.31239502,19360.96490455
2025-11-04,147.52999878,35.91717148,27.57218742,59.72932816,544007.08209683,17631.40660699
2025-11-05,150.38000488,36.06998062,28.11907196,60.75531769,560589.93391473,18481.88018950
2025-11-06,150.10000610,36.06998062,28.26490974,60.54272461,542833.10171379,17749.06517651
2025-11-07,150.80000305,36.10593414,29.33133507,59.87721252,552990.70576809,18377.14345124
2025-11-10,152.25000000,36.34860992,29.49540329,60.27466965,565057.26200086,19023.10389184
2025-11-11,154.80000305,37.04970169,30.26104546,60.11753845,544825.71366869,18065.81850068
2025-11-12,154.44000244,36.20479584,29.48628426,60.78304672,535836.16010693,17989.39572619
2025-11-13,154.10000610,36.34860992,29.61389542,60.69985580,527529.32246082,17105.48695575
2025-11-14,154.33999634,36.49242783,29.80530548,60.33012772,499977.90921488,16439.20130562
2025-11-17,153.78999329,36.22277069,29.96937180,60.28391266,487692.31868851,16016.74757729
2025-11-18,153.52999878,36.04301071,30.06963539,60.09904480,495371.04775023,16643.91722081
2025-11-19,152.00000000,35.81830215,29.91468239,60.03434372,486736.26137569,16087.27073588
2025-11-21,151.94999695,35.92615891,29.68681145,60.22845840,453729.08879650,14747.53845900
2025-11-24,152.35000610,35.79133606,29.65946960,60.16374969,476846.41329125,15950.85319875
2025-11-25,152.97000122,35.87224197,29.42248344,60.63515472,470493.28002615,15933.81059416
2025-11-26,155.74000549,36.71713638,29.37691116,61.54098892,486934.48421385,16287.81125900
2025-11-27,155.32000732,36.59128952,29.53186417,61.30990601,486624.08220375,16069.92192361
2025-11-28,155.85000610,37.42720413,28.97586250,62.29892349,486909.04289711,16239.20347507
2025-12-01,155.50000000,37.13735199,29.03055000,62.77956390,460560.11526788,14940.12849571
2025-12-02,157.97000122,37.96462250,29.23107338,63.29718781,489253.43176612,16056.36588578
2025-12-03,158.39999390,37.96462250,29.44982910,65.33992767,498157.15959333,16999.26921788
2025-12-04,161.28999329,38.89979553,29.64123917,66.47682953,488912.66643012,16630.99594364
2025-12-05,154.17999268,37.10137558,28.59304428,64.90550232,474586.41771189,16057.62122682
2025-12-08,155.25000000,37.28121948,28.85737038,64.46182251,492910.47602822,16995.13879923
2025-12-09,154.55000305,37.20028687,29.03966331,64.49880219,503315.97447904,18033.65382687
2025-12-10,156.00000000,37.49306488,29.11258316,65.68191528,499811.76060349,18061.85638805
2025-12-11,156.19000244,37.46454620,28.62949944,66.55078125,506018.50488745,17706.05373347
2025-12-12,157.50000000,37.79726410,28.79356575,66.73731232,487956.71736082,16671.49482941
2025-12-15,159.36999512,38.36764908,28.89382935,67.14585114,468239.66015334,16060.53694954
2025-12-16,155.16000366,37.37898636,28.01880836,67.39875793,475534.64022908,16046.29744183
2025-12-17,154.35000610,37.04626083,28.32871246,68.25473022,474436.76093990,15593.95561727
2025-12-18,154.86000061,37.23638916,28.16464615,68.42981720,471624.83664875,15601.18036249
2025-12-19,155.30000305,37.57861328,28.26490974,68.91617584,486445.19333975,16442.26916377
2025-12-22,155.07000732,37.65466690,28.34694290,70.92967224,490217.00334462,16653.04775432
2025-12-23,157.42999268,38.27258682,28.49938393,70.91022491,488644.27333832,16565.26124319
2025-12-26,157.82000732,38.28493881,28.59341049,71.12422180,481860.22184450,16148.65222206
2025-12-29,157.41000366,38.16743851,28.89429474,70.15151215,482963.14607609,16264.67875043
2025-12-30,158.00000000,38.41223145,28.97891998,69.99588013,492476.24407781,16548.11672364
