date,BOVA11,ITUB4,PETR4,VALE3,Bitcoin,Ethereum
2021-01-05,0.0052590597,-0.0064725037,0.0390868386,0.0168379955,0.0843708661,0.0785212944
2021-01-06,0.0074984793,0.0293153723,0.0019973201,0.0327958466,0.0810194319,0.0950476068
2021-01-07,0.0244050162,0.0389239569,0.0299001981,0.0652782762,0.0749847121,0.0209145846
2021-01-08,0.0171496049,-0.0003040782,0.0038709357,-0.0031272602,0.0549383527,0.0168203309
2021-01-11,-0.0147840428,-0.0225470776,-0.0083544977,-0.0001960503,-0.1276710866,-0.1089439888
2021-01-12,0.0069970847,0.0031166926,-0.0074534461,-0.0273582031,-0.0329070958,-0.0294938708
2021-01-13,-0.0174968304,-0.0164699472,-0.0483182711,-0.0299427128,0.0666969986,0.0508309477
2021-01-14,0.0112474411,0.0297002877,0.0102913870,0.0164208143,0.0454215398,0.0727322142
2021-01-15,-0.0244354695,-0.0377419043,-0.0451612373,-0.0434560706,-0.0783142619,-0.0567236035
2021-01-18,0.0065641920,-0.0051021104,-0.0017780582,0.0081238469,0.0129795364,0.0926359685
2021-01-19,-0.0046336100,-0.0118588999,0.0220877473,-0.0026507040,-0.0146439995,0.0961817798
2021-01-20,-0.0065517426,-0.0165420563,-0.0167306729,-0.0184989883,-0.0029519181,0.0153474346
2021-01-21,-0.0124088887,-0.0135227894,-0.0233960140,0.0112652397,-0.1435535146,-0.1986319941
2021-01-22,-0.0055355177,-0.0213972110,-0.0166967335,-0.0020351679,0.0826630068,0.1147773620
2021-01-26,-0.0097190181,-0.0331911983,-0.0033225569,-0.0152408833,0.0081906739,0.1212868210
2021-01-27,-0.0043719262,0.0000000000,0.0148150425,-0.0277928096,-0.0847182852,-0.0954142877
2021-01-28,0.0261672721,0.0403539327,0.0131385113,0.0213004321,0.1117588162,0.0749606126
2021-01-29,-0.0344948433,-0.0357264659,-0.0385447119,-0.0345774497,0.0302174135,0.0424135463
2021-02-01,0.0226121568,0.0266555569,0.0314727334,0.0377487802,-0.0186071833,-0.0055981242
2021-02-02,0.0069874485,-0.0213208820,0.0410460200,-0.0395530567,0.0529585038,0.1006149168
2021-02-03,0.0122968954,-0.0049193206,0.0097694681,0.0315994320,0.0428873203,0.0833318162
2021-02-04,-0.0054663536,-0.0042376500,-0.0041463544,-0.0126064267,-0.0173072431,-0.0424913406
2021-02-05,0.0104693502,-0.0042547181,0.0006938751,0.0380781761,0.0472162408,0.0925247000
2021-02-08,-0.0055258107,-0.0185186582,-0.0253117579,0.0142409501,0.1984855540,0.0056891903
2021-02-09,-0.0023441278,0.0119739081,-0.0202776863,0.0025526978,0.0052432029,0.0113387960
2021-02-10,-0.0086154857,-0.0071709170,0.0094411628,0.0047748235,-0.0313910070,-0.0111760351
2021-02-11,0.0086025577,0.0000000000,0.0100717498,-0.0168955411,0.0682177277,0.0242369212
2021-02-12,0.0013054963,0.0025278394,0.0128204048,0.0084856301,-0.0120333353,0.0297447714
2021-02-17,0.0070403958,0.0126077636,0.0404361866,0.0262007957,0.0985801643,0.0034194035
2021-02-18,-0.0107888831,-0.0071144739,-0.0108146510,0.0108979295,-0.0015410796,0.0560297067
2021-02-19,-0.0068929492,-0.0103905945,-0.0662793791,0.0037985355,0.0846293631,0.0147167088
2021-02-22,-0.0489369154,-0.0727735272,-0.2070984101,-0.0247520262,-0.0381366939,-0.0984529263
2021-02-23,0.0231870867,0.0640377939,0.1102905020,0.0167803671,-0.0854585223,-0.1053064609
2021-02-24,0.0063199434,-0.0146791118,0.0141313200,0.0101081124,0.0136074874,0.0313882439
2021-02-25,-0.0302350868,-0.0312849932,-0.0495899260,-0.0226689839,-0.0589204198,-0.0988646643
2021-02-26,-0.0231288749,-0.0121022775,-0.0409661711,-0.0124336276,0.0067636181,0.0025756727
2021-03-01,0.0033147658,-0.0299595445,-0.0107912784,0.0428481414,0.0845090940,0.0956873336
2021-03-02,0.0147252928,0.0403715970,-0.0004546487,0.0307398826,-0.0177257274,-0.0387332592
2021-03-03,-0.0031627566,0.0023278587,-0.0363800087,-0.0123034183,0.0510027816,0.0622097211
2021-03-04,0.0131578573,0.0313594526,0.0486077052,-0.0148479643,-0.0488729085,-0.0314678204
2021-03-05,0.0217371338,0.0371623502,0.0076507550,0.0593206367,0.0166511114,0.0033895990
2021-03-08,-0.0503020086,-0.0318502234,-0.0576147692,-0.0053887160,0.0718335738,0.2010825473
2021-03-09,0.0174656288,0.0138323575,0.0232225798,-0.0100329019,0.0834739034,0.0512857141
2021-03-10,0.0134340403,0.0073745626,0.0347381795,-0.0154048502,0.0088919973,-0.0488586492
2021-03-11,0.0167541171,0.0014640052,0.0425247980,0.0262478652,0.0088788347,-0.0077916678
2021-03-12,-0.0054200132,-0.0065788324,-0.0051525345,-0.0230689186,-0.0320206829,-0.0529426005
2021-03-15,0.0060840632,0.0117732540,0.0207164251,-0.0059548297,-0.0318379886,0.0038182815
2021-03-16,-0.0072870166,-0.0203637785,-0.0156446416,-0.0032018062,0.0381238298,0.0304255292
2021-03-17,0.0221935599,0.0389761835,0.0343640224,0.0144026371,0.0380128276,0.0107185350
2021-03-18,-0.0147185998,0.0057162721,-0.0348837286,-0.0177733833,-0.0242330514,-0.0292693382
2021-03-19,0.0120502450,0.0021312580,0.0327020713,-0.0143510753,0.0040225216,0.0150463719
2021-03-22,-0.0106767720,0.0056711611,-0.0199996924,-0.0165648107,-0.0763793766,-0.0803847330
2021-03-23,-0.0149228659,-0.0253783793,-0.0306121399,-0.0230662007,0.0060287037,-0.0053427593
2021-03-24,-0.0105795616,-0.0173602364,0.0008769274,0.0229518072,-0.0332825236,-0.0482079275
2021-03-25,0.0150262768,0.0176669386,0.0166521298,-0.0076218203,-0.0026717326,0.0192127670
2021-03-26,0.0090859207,0.0170527204,0.0112068549,0.0334270465,0.0718651412,0.0728423523
2021-03-29,0.0055535523,-0.0003562648,0.0157716475,0.0256463917,0.0666735674,0.0882920999
2021-03-30,0.0124006519,0.0163929533,0.0000000000,-0.0092877888,0.0252531141,0.0194883925
2021-03-31,-0.0018741419,-0.0192846679,0.0113302358,0.0092717152,-0.0015721631,0.0375265694
2021-04-01,-0.0118072378,-0.0305844282,-0.0087136939,-0.0059199865,-0.0213779314,0.0056557960
2021-04-05,0.0196786499,0.0129145281,0.0062786517,0.0616078105,0.0134311209,0.0810678606
2021-04-06,-0.0001818898,-0.0116576295,-0.0008317685,-0.0129606550,-0.0229203796,-0.0034522580
2021-04-07,0.0010487559,-0.0088462943,-0.0008329756,0.0245957479,-0.0486546146,-0.0809549420
2021-04-08,0.0050174567,-0.0078090355,-0.0124997526,-0.0005739194,0.0441060531,0.0631907927
2021-04-09,-0.0065054757,-0.0014992868,-0.0021097369,-0.0143537394,-0.0094501897,-0.0159269129
2021-04-12,0.0122997908,0.0247746454,0.0101480573,0.0038834262,0.0491207292,0.0533549157
2021-04-13,0.0023601105,-0.0003658972,0.0033485551,0.0017406968,0.0701497736,0.0847220756
2021-04-14,0.0081102321,0.0128242822,0.0158531429,0.0330179634,-0.0089572625,0.0561775241
2021-04-15,0.0051902983,0.0000000000,-0.0198308674,0.0113083900,-0.0078894805,0.0230263488
2021-04-16,0.0022375400,0.0112157739,-0.0060632186,0.0042508918,-0.0340215959,-0.0410758788
2021-04-19,-0.0010304203,-0.0150267236,0.0579516542,-0.0086498278,-0.0996918542,-0.1139098281
2021-04-20,-0.0073920664,-0.0050851056,-0.0189454524,-0.0145736488,0.0060889933,0.0679197004
2021-04-22,-0.0045895947,0.0003650235,-0.0046180211,0.0006593996,-0.0796804728,0.0356705724
2021-04-23,0.0088734606,0.0047443408,-0.0008432671,0.0165677669,-0.0350241024,-0.0386449248
2021-04-26,-0.0001724952,-0.0007266616,0.0037990224,0.0053710536,0.0639127970,0.0790014215
2021-04-27,-0.0100905407,-0.0152668467,-0.0285954428,0.0142766931,0.0109282675,0.0426173255
2021-04-28,0.0141139812,0.0435192051,0.0363633419,0.0163455429,-0.0009094179,0.0343419754
2021-04-29,-0.0092783661,-0.0315491889,-0.0133666458,0.0002681469,-0.0427981333,-0.0163612032
2021-04-30,-0.0079777850,0.0076866505,0.0000000000,-0.0261725178,0.0773223357,0.0049817470
2021-05-03,0.0024475417,0.0139928184,-0.0080439125,-0.0051366298,0.0096515671,0.2611766316
2021-05-04,-0.0122951139,-0.0426529919,-0.0230472993,0.0151207975,-0.0678745424,-0.0519992618
2021-05-05,0.0165975540,0.0284539642,0.0410658209,0.0055405223,0.0775869363,0.0836201066
2021-05-06,0.0024316003,-0.0061881705,-0.0138481773,0.0392013781,-0.0341152803,-0.0254243137
2021-05-07,0.0175864054,0.0120875924,0.0374467312,0.0034766318,0.0019590241,-0.0165452667
2021-05-10,-0.0027243291,0.0148396484,0.0131256204,-0.0065826134,-0.0330982453,0.1260174628
2021-05-11,0.0084514075,-0.0021398302,0.0182186002,0.0351381277,0.0125444160,0.0520754066
2021-05-12,-0.0242106212,-0.0146536896,-0.0147120040,-0.0369778235,-0.1333834233,-0.0920136569
2021-05-13,0.0066800060,0.0290170307,0.0084747013,-0.0160939455,0.0273752465,-0.0032817236
2021-05-14,0.0103412353,0.0222065068,0.0524209898,-0.0171572156,0.0041759320,0.0989051240
2021-05-17,0.0091265755,-0.0006894587,0.0136886263,0.0262303666,-0.1334462420,-0.2010963665
2021-05-18,-0.0010142433,-0.0020709392,-0.0116280202,0.0100476147,-0.0140527260,0.0301473087
2021-05-19,-0.0015229740,0.0072615700,-0.0075903310,-0.0205059953,-0.1396242608,-0.2736607111
2021-05-20,-0.0008473729,0.0054924942,-0.0084129685,-0.0101560374,0.1123269572,0.1419486692
2021-05-21,0.0008480915,0.0047799611,0.0007714660,-0.0153901859,-0.0898834925,-0.1314154356
2021-05-24,0.0105923225,-0.0027184560,0.0169556134,0.0034734991,0.0533783884,0.1041974799
2021-05-25,-0.0072111403,-0.0102811640,-0.0208413366,-0.0248676307,-0.0158601241,0.0155772914
2021-05-26,0.0070945636,0.0137926501,0.0096749622,0.0294251819,0.0255743488,0.0697162754
2021-05-27,0.0029352439,-0.0085031765,-0.0068991078,0.0071687806,-0.0255223623,-0.0562812794
2021-05-28,0.0094489917,0.0164665067,0.0416826125,0.0054058854,-0.0839132082,-0.1277287135
2021-05-31,0.0043903146,-0.0030372521,-0.0044459929,0.0285868764,0.0457684104,0.1218787969
2021-06-01,0.0171546543,0.0364097866,0.0156309767,-0.0137655700,-0.0213700995,-0.0339551239
2021-06-02,0.0108651287,0.0333335838,0.0212531276,0.0141341431,0.0111319479,0.0143922499
2021-06-04,0.0030480861,0.0208725893,0.0226048463,-0.0165503342,-0.0321126619,-0.0207845083
2021-06-07,0.0055977364,0.0235443636,-0.0073681677,-0.0097431801,-0.0960383213,-0.0424475834
2021-06-08,-0.0082703850,-0.0069614074,0.0130787645,-0.0168156744,-0.0025057260,-0.0279991280
2021-06-09,0.0013631479,0.0137146040,0.0000000000,0.0207424010,0.1134135138,0.0339645367
2021-06-10,0.0009609445,-0.0036073538,0.0006976224,-0.0032978112,-0.0120128121,-0.0474227714
2021-06-11,-0.0041599731,-0.0117688234,-0.0038353503,0.0224449224,0.0158072718,-0.0489597694
2021-06-14,0.0053823759,-0.0033582505,0.0063000553,-0.0054224054,0.0905703194,0.0915569505
2021-06-15,0.0002397026,0.0000000000,0.0097394710,-0.0195218214,-0.0067969372,0.0170405730
2021-06-16,-0.0076689494,0.0199143839,0.0037890500,-0.0300446025,-0.0537391848,-0.0958277997
2021-06-17,-0.0090968030,-0.0117157036,-0.0346603226,-0.0208046178,-0.0055894903,0.0039179152
2021-06-18,0.0014623471,-0.0182365786,0.0067544989,0.0301227247,-0.0682810809,-0.0678656562
2021-06-21,0.0077878376,0.0046435318,0.0222454787,0.0093502924,-0.0991993134,-0.1388480280
2021-06-22,-0.0033003594,-0.0129429161,0.0051816168,0.0117156048,0.0094762245,-0.0232987703
2021-06-23,-0.0022613373,-0.0071808313,0.0068728559,0.0149908432,0.0258617947,0.0493663015
2021-06-24,0.0080135815,0.0003145866,0.0119451947,0.0013497237,0.0295361828,0.0009896593
2021-06-25,-0.0163012832,-0.0317507688,-0.0185495587,0.0123390833,-0.0969112955,-0.0977698884
2021-06-28,-0.0004081882,-0.0113639393,-0.0017183020,-0.0160141849,0.0889910934,0.1475736506
2021-06-29,-0.0011433188,-0.0098522863,0.0044749929,0.0172695215,0.0436201996,0.0409889386
2021-06-30,-0.0040879733,-0.0116085413,0.0085676055,0.0065771818,-0.0170445595,0.0591334078
2021-07-01,-0.0088662197,-0.0031895486,-0.0125723228,-0.0173952733,-0.0391881919,-0.0681136459
2021-07-02,0.0169799997,0.0107783740,0.0041294139,0.0206685449,0.0251008806,0.0327760213
2021-07-05,-0.0065971458,-0.0136622832,-0.0113089536,-0.0036096137,-0.0016740523,0.0254347820
2021-07-06,-0.0136918763,-0.0016893926,-0.0409012693,0.0053014786,0.0203634800,0.0634688009
2021-07-07,0.0164588169,0.0043991063,0.0137332682,0.0029008676,0.0096679623,0.0168166369
2021-07-08,-0.0132482428,-0.0131396173,-0.0199643122,-0.0038562266,-0.0221758491,-0.0779582097
2021-07-12,0.0175699905,0.0136562443,0.0087303776,0.0124051511,0.0136173857,-0.0343910268
2021-07-13,0.0043981179,0.0060627348,0.0061306037,0.0059094974,-0.0296699980,-0.0628827802
2021-07-14,0.0012163601,0.0013391777,-0.0082437383,-0.0054427368,0.0016807716,0.0259143907
2021-07-15,-0.0054264045,-0.0120362805,-0.0213225157,0.0031272504,-0.0490843444,-0.0588668648
2021-07-16,-0.0134364942,-0.0162431493,-0.0147710538,-0.0180117025,-0.0034821244,-0.0083299190
2021-07-19,-0.0116384948,-0.0058478752,-0.0164918751,-0.0109347436,-0.0181767681,-0.0325284691
2021-07-20,0.0071822334,0.0131482600,0.0133384534,0.0083808546,-0.0071688512,0.0096642611
2021-07-21,0.0043118099,0.0040981818,0.0139151980,0.0114941908,0.0709145374,0.1072474772
2021-07-22,0.0025594250,-0.0102036890,-0.0022258493,0.0026221838,0.0000188895,0.0108408933
2021-07-23,-0.0101293202,-0.0027491229,-0.0059480350,-0.0050566743,0.0417190840,0.0516551129
2021-07-26,0.0083194678,0.0175738559,0.0273000772,0.0217316272,0.1114830604,0.0507628518
2021-07-27,-0.0118811456,0.0098207752,-0.0116492890,-0.0207546700,0.0508556940,0.0246345796
2021-07-28,0.0141115129,0.0325282528,0.0206261785,0.0273251086,0.0137102279,-0.0019943373
2021-07-29,-0.0059283130,-0.0051962656,0.0036090546,-0.0147482243,-0.0101950623,0.0258649993
2021-07-30,-0.0299842843,-0.0107737414,-0.0323624741,-0.0589254617,0.0485664379,0.0291533629
2021-08-02,0.0041840822,0.0061087288,-0.0185807159,0.0015630295,-0.0483857218,0.0847636227
2021-08-03,0.0096088852,0.0098455832,0.0166606139,0.0340587212,-0.0331295512,-0.0475780354
2021-08-04,-0.0149078095,-0.0279493172,-0.0212290540,-0.0010654430,0.0462624007,0.0934959076
2021-08-05,-0.0002564875,0.0030087772,0.0787671547,-0.0305722576,0.0225706784,0.0319857403
2021-08-06,0.0112032631,0.0280001344,0.0014108028,0.0056837850,0.0632466184,0.0377332991
2021-08-09,-0.0008457246,0.0116732477,-0.0070446178,-0.0062896725,0.0801610897,0.0930292715
2021-08-10,-0.0048247816,-0.0189104181,0.0031923988,0.0096321316,-0.0168684367,-0.0082974129
2021-08-11,-0.0026367063,0.0111077845,0.0137906924,-0.0071780890,-0.0081273189,-0.0011952953
2021-08-12,-0.0118539942,-0.0187398761,0.0149983911,-0.0006406376,-0.0199437541,-0.0326433852
2021-08-13,0.0059549046,0.0135000348,0.0085910405,-0.0082416163,0.0827498752,0.0987192909
2021-08-16,-0.0165579988,-0.0109587193,-0.0241908548,0.0046165813,-0.0382899797,-0.0507273225
2021-08-17,-0.0111663510,-0.0036257317,-0.0000033405,-0.0165438341,-0.0261977297,-0.0426592657
2021-08-18,-0.0113806875,0.0019853334,-0.0088790211,-0.0335514413,0.0089617126,0.0083291714
2021-08-19,0.0070498031,-0.0128758583,-0.0055991779,-0.0570545324,0.0593793395,0.0706236640
2021-08-20,0.0070890834,-0.0036783906,-0.0015014004,0.0004104060,0.0630864903,0.0395662896
2021-08-23,-0.0052793530,0.0107415680,0.0157897420,-0.0138394024,-0.0023153696,0.0032866629
2021-08-24,0.0228217084,0.0278979217,0.0207250590,0.0364867482,-0.0369766590,-0.0440671894
2021-08-25,0.0044106387,0.0012918678,0.0054387956,-0.0021060541,0.0007183571,-0.0088025161
2021-08-26,-0.0178233142,-0.0242009590,-0.0086548838,-0.0127637188,-0.0475886889,-0.0450111226
2021-08-27,0.0184974193,0.0171956726,0.0363769903,0.0250429388,0.0532287150,0.0631408619
2021-08-30,-0.0094680536,-0.0071517724,-0.0066692067,-0.0063560149,-0.0497554798,-0.0232950328
2021-08-31,-0.0086896071,0.0130968797,-0.0392226775,-0.0136932354,-0.0014600286,0.0608567508
2021-09-01,0.0063113710,0.0043655013,-0.0055166295,0.0017227549,0.0289117807,0.1095702435
2021-09-02,-0.0230836364,-0.0360589771,-0.0162721653,-0.0031361293,0.0167635493,-0.0046546864
2021-09-03,-0.0005350440,-0.0056784609,-0.0101504488,0.0007105258,0.0135955133,0.0389071439
2021-09-06,0.0124008124,0.0127648025,0.0049373379,-0.0157185511,0.0537610800,-0.0015658830
2021-09-08,-0.0387733644,-0.0474292394,-0.0563114268,-0.0208118528,-0.1277045471,-0.1131959109
2021-09-09,0.0222772301,0.0132311643,0.0212256224,-0.0035775384,0.0359088503,0.0086165693
2021-09-10,-0.0146175666,-0.0099655330,-0.0062745919,0.0011617864,-0.0550620202,-0.0848299009
2021-09-13,0.0203859260,0.0124952216,0.0351223534,-0.0005273315,0.0114990473,0.0329860749
2021-09-14,-0.0037460381,-0.0061705599,-0.0133434295,-0.0070708570,0.0406123823,0.0370012177
2021-09-15,-0.0091315727,-0.0162123225,0.0173877980,-0.0249761403,0.0280587352,0.0594708683
2021-09-16,-0.0112034501,-0.0007016718,-0.0087353373,-0.0415303093,-0.0114136358,-0.0154103634
2021-09-17,-0.0210161093,-0.0238593085,-0.0448276256,-0.0202432433,-0.0041460074,-0.0419767380
2021-09-20,-0.0221206156,-0.0226459874,-0.0112311450,-0.0394660871,-0.0879161728,-0.1238845502
2021-09-21,0.0095447173,-0.0025743413,0.0227178906,0.0165557609,-0.0441699355,-0.0598361723
2021-09-22,0.0209889505,0.0232307335,0.0253870858,0.0355445945,0.0598702869,0.1020247493
2021-09-23,0.0149087938,0.0345946562,0.0382975536,-0.0000347934,0.0339827722,0.0288885572
2021-09-24,-0.0052007272,-0.0139329002,0.0022354989,-0.0154607845,-0.0432186303,-0.0684455989
2021-09-27,-0.0012840447,0.0261393272,0.0089218704,0.0142877073,-0.0075725885,0.0074682724
2021-09-28,-0.0281017318,-0.0227196237,-0.0066318893,-0.0501270055,-0.0187190108,-0.0336567286
2021-09-29,0.0094491163,0.0179644128,0.0159491610,0.0126919414,0.0199018261,0.0233451133
2021-09-30,-0.0031826637,0.0010377429,-0.0058415073,0.0058048329,0.0509865821,0.0494823538
2021-10-01,0.0187811066,0.0261109246,0.0282775330,-0.0005247628,0.1043493440,0.1074649987
2021-10-04,-0.0212922629,-0.1796428856,0.0282146594,-0.0093176130,0.0068560882,0.0080823140
2021-10-05,-0.0005650552,0.0242401833,0.0218824320,-0.0071532297,0.0655737930,0.0574959253
2021-10-06,0.0023558235,0.0032090759,-0.0265127031,0.0281521327,0.0790652416,0.0217949000
2021-10-07,0.0004700143,-0.0211921356,-0.0013966664,0.0298468662,-0.0251855523,0.0050716367
2021-10-08,0.0185115698,0.0073541540,0.0181819453,0.0061744542,0.0075924350,-0.0022095298
2021-10-11,-0.0059045981,-0.0174375514,0.0068680001,0.0221664694,0.0632172685,-0.0069858830
2021-10-13,0.0138282864,0.0012383378,0.0105730173,-0.0296494578,0.0030047370,0.0217064424
2021-10-14,-0.0024715914,-0.0049469188,0.0016873923,0.0000000000,-0.0048164049,0.0462558673
2021-10-15,0.0114710469,0.0256837791,-0.0026953449,0.0186869236,0.0744759429,0.0201822918
2021-10-18,-0.0024496849,0.0068657006,-0.0050676344,-0.0094201490,-0.0028128942,-0.0389534929
2021-10-19,-0.0286493314,-0.0236665030,-0.0488959875,-0.0115113366,0.0460888708,0.0444069593
2021-10-20,-0.0006554278,0.0267051792,0.0174934001,-0.0294937365,0.0403501181,0.0857827340
2021-10-21,-0.0288578819,-0.0204086084,-0.0368421362,-0.0196947054,-0.0551244004,-0.0221919218
2021-10-22,-0.0127351633,-0.0383978883,-0.0098358426,0.0122403650,-0.0136783687,-0.0099920232
2021-10-25,0.0216945293,0.0195411539,0.0684323696,0.0120925777,0.0371008368,0.0607739444
2021-10-26,-0.0219990721,-0.0108334823,-0.0096418896,-0.0106494357,-0.0585186323,-0.0370090193
2021-10-27,0.0014670076,0.0075821346,-0.0024336318,-0.0227093260,-0.0293537942,-0.0468363842
2021-10-28,-0.0174804774,-0.0020902513,0.0094108414,-0.0100736999,0.0310369295,0.0850078171
2021-10-29,-0.0092436169,-0.0234605107,-0.0625002575,-0.0283583390,0.0468705572,0.0501676199
2021-11-01,0.0184590322,0.0398262530,0.0313076108,0.0099146843,-0.0216075910,-0.0223569002
2021-11-03,0.0047281656,0.0094966386,-0.0410712239,-0.0759124903,0.0404479744,0.0738296513
2021-11-04,-0.0230392007,-0.0527611835,-0.0316574079,-0.0113720585,-0.0457918471,-0.0370520419
2021-11-05,0.0116407026,-0.0120895859,-0.0057689962,-0.0296655257,0.0035178496,-0.0024789361
2021-11-08,0.0001984354,-0.0052447588,0.0104446342,0.0544375690,0.0934174863,0.0610280224
2021-11-09,0.0055538783,-0.0101057592,0.0199079448,-0.0245561252,-0.0084483616,-0.0156500912
2021-11-10,0.0062136035,0.0253001525,-0.0078826847,-0.0037912884,-0.0407189290,-0.0321902356
2021-11-11,0.0149971227,-0.0021649957,0.0007566647,0.0353173622,0.0012732272,0.0223317849
2021-11-12,-0.0137132376,-0.0021688561,0.0204157808,0.0042642440,-0.0287603440,-0.0298910303
2021-11-16,-0.0173308204,-0.0104348534,0.0103745289,-0.0288433823,-0.0521375841,-0.0868227950
2021-11-17,-0.0110601894,0.0039543085,-0.0253027381,-0.0200514847,0.0118781271,0.0254478162
2021-11-18,-0.0060453247,-0.0166301864,-0.0015048500,-0.0410767139,-0.0522069496,-0.0624300981
2021-11-19,0.0062847958,-0.0084560105,-0.0165789656,0.0272741196,0.0257916682,0.0797848126
2021-11-22,-0.0103757310,0.0024778644,0.0099616946,0.0555988565,-0.0218701287,-0.0393717977
2021-11-23,0.0179153316,0.0167654678,0.0546286439,0.0263352628,0.0179972507,0.0567925654
2021-11-24,0.0066000366,0.0267374175,0.0205033971,0.0232088996,-0.0250446968,-0.0258756682
2021-11-25,0.0132127375,0.0091141779,0.0440605214,-0.0067625875,0.0240236642,0.0144970035
2021-11-26,-0.0352975640,-0.0189239810,-0.0388250853,-0.0263828026,-0.0713780049,-0.0637866080
2021-11-29,0.0063014814,-0.0065766039,0.0351247011,0.0125289269,0.0873690233,0.1112162007
2021-11-30,-0.0066660302,-0.0123558123,-0.0013572209,0.0064750234,-0.0151075554,0.0406087260
2021-12-01,-0.0128114098,-0.0063658586,0.0057762748,0.0040029089,0.0075522297,-0.0060387888
2021-12-02,0.0344011133,0.0378036607,0.0763006084,0.0464187267,-0.0007280871,-0.0041307236
2021-12-03,0.0088618878,-0.0034692002,0.0141044964,-0.0220436267,-0.0590302475,-0.0723456941
2021-12-06,0.0165811322,0.0117488012,0.0045202236,0.0542643803,-0.0551301381,0.0339434820
2021-12-07,0.0061164782,-0.0124723936,0.0162686782,0.0073909572,0.0090458324,-0.0033794046
2021-12-08,0.0055003349,-0.0095823609,-0.0003407466,-0.0074676166,-0.0171968724,0.0150227224
2021-12-09,-0.0197696509,-0.0268249037,-0.0020441983,-0.0076558233,-0.0695770485,-0.0852419938
2021-12-10,0.0155669079,0.0013559530,0.0122907057,0.0062518260,-0.0019185179,-0.0445189559
2021-12-13,-0.0022173272,-0.0266246626,-0.0060707392,0.0292136189,-0.0040368735,-0.0252669140
2021-12-14,-0.0077294981,0.0097358502,-0.0118763564,-0.0001286833,0.0099608094,0.0022865925
2021-12-15,0.0048685493,-0.0032140149,0.0061813272,-0.0056517536,0.0491677931,0.0730448628
2021-12-16,0.0117248716,0.0101332101,0.0133104515,0.0391421465,-0.0253875429,-0.0141241034
2021-12-17,-0.0125467402,-0.0218877649,-0.0235769006,-0.0157882769,-0.0293336679,-0.0195631985
2021-12-20,-0.0203685597,-0.0153845040,-0.0286307519,-0.0112417444,0.0156873174,0.0150207614
2021-12-21,0.0041583977,0.0014205198,0.0014206607,0.0263159911,0.0527087472,0.0306268411
2021-12-22,0.0000986209,0.0037824946,-0.0014186453,-0.0052278830,-0.0058286411,-0.0090262356
2021-12-23,-0.0057182474,0.0051813318,0.0060370946,-0.0096345933,0.0277916496,0.0152769242
2021-12-27,0.0074367874,0.0103089046,0.0148250927,-0.0025268378,0.0003549064,-0.0140068236
2021-12-28,-0.0053149697,-0.0037104976,0.0010436298,-0.0240660248,-0.0680476398,-0.0664152922
2021-12-29,-0.0080150166,-0.0083795249,-0.0083390371,0.0025959318,-0.0234522984,-0.0447704857
2021-12-30,0.0054863147,-0.0164319439,-0.0031534230,0.0091909651,0.0293651015,0.0371909063
2022-01-03,-0.0086309794,0.0275959900,0.0224954352,0.0005131112,-0.0382968941,-0.0108942071
2022-01-04,-0.0036025279,0.0283588842,0.0037815220,-0.0117949126,0.0077842853,0.0289541202
2022-01-05,-0.0248066810,-0.0189874381,-0.0386986342,0.0094703835,-0.0515695247,-0.0650476398
2022-01-06,0.0077239960,0.0202765608,-0.0007126077,0.0201776467,-0.0042290138,-0.0321801169
2022-01-07,0.0086867500,0.0221318909,0.0046346392,0.0582010205,-0.0410617206,-0.0696819488
2022-01-10,-0.0027355284,0.0092799587,-0.0060322993,-0.0119045772,-0.0025531941,-0.0430130736
2022-01-11,0.0169663534,0.0223288246,0.0296317424,0.0190360861,0.0273121493,0.0558729077
2022-01-12,0.0180819702,-0.0042821703,0.0305134238,0.0108771767,0.0111533106,0.0239728277
2022-01-13,-0.0035325346,0.0184942206,0.0201884526,-0.0152047860,-0.0368245810,-0.0426615289
2022-01-14,0.0149679626,-0.0076016028,0.0372690367,0.0058196020,0.0107415700,0.0178015838
2022-01-17,-0.0047540299,0.0000000000,0.0015897817,-0.0051954930,-0.0185313000,-0.0283566178
2022-01-18,0.0026320593,0.0059577077,0.0044444509,0.0244510172,-0.0002115360,-0.0181447619
2022-01-19,0.0116675216,-0.0067682275,-0.0047407959,0.0220138190,-0.0059858517,-0.0127028259
2022-01-20,0.0081691345,-0.0080916999,0.0073037796,-0.0170049689,-0.0479857545,-0.0529730002
2022-01-21,-0.0019066213,0.0004291943,0.0015765212,-0.0207587687,-0.1069598513,-0.1506684658
2022-01-24,-0.0059216345,-0.0012869678,0.0056655491,-0.0122483761,0.0126409003,-0.0390993410
2022-01-25,0.0216179858,0.0360973253,0.0325509090,0.0022653777,0.0135334044,0.0117336201
2022-01-26,0.0099689414,0.0107840204,0.0266747882,0.0028550511,-0.0110089933,-0.0033906506
2022-01-27,0.0075425790,0.0049237084,0.0002951198,0.0022539595,0.0056268465,-0.0203267582
2022-01-28,-0.0057300844,0.0122503058,-0.0395514181,-0.0098236122,0.0125844365,0.0462410540
2022-01-31,0.0037181773,0.0217828668,-0.0058388444,-0.0333491821,0.0107879091,0.0474447530
2022-02-01,0.0108353226,0.0070183522,0.0200927208,0.0549028055,-0.0044102559,0.0271024552
2022-02-02,-0.0133760794,-0.0156922267,-0.0145454761,0.0056266378,-0.0531514405,-0.0461266533
2022-02-03,0.0007428192,0.0115577695,-0.0138375267,-0.0004663470,0.0047684665,-0.0020588327
2022-02-04,0.0023197551,0.0031525332,0.0174616475,0.0262390129,0.1216490034,0.1182835896
2022-02-07,-0.0027772212,-0.0054983888,-0.0147102359,0.0242045519,0.0651684227,0.0620249264
2022-02-08,0.0047345166,0.0110578076,-0.0099533575,0.0139798223,-0.0058025565,-0.0183150515
2022-02-09,0.0000000000,-0.0398434788,0.0037699434,0.0002190119,0.0041924779,0.0365921741
2022-02-10,0.0080383913,0.0191210989,0.0153363512,0.0269115487,-0.0219151648,-0.0543184743
2022-02-11,0.0019248312,0.0590816271,0.0406904819,-0.0202407705,-0.0239212290,-0.0461926944
2022-02-14,0.0019211334,-0.0022617440,-0.0225117146,-0.0043494153,0.0044607526,0.0023220144
2022-02-15,0.0098612296,0.0094452964,-0.0157575121,-0.0297038890,0.0395191418,0.0765711451
2022-02-16,0.0015370540,-0.0104797476,0.0138543901,0.0073157205,-0.0243712672,-0.0269511058
2022-02-17,-0.0150762681,-0.0139934623,-0.0039475568,-0.0430168310,-0.0818332137,-0.0827073012
2022-02-18,-0.0054078492,0.0038356369,0.0060975700,0.0021017229,-0.0058164237,-0.0266801513
2022-02-21,-0.0097687325,-0.0244552396,0.0257575704,0.0008156598,-0.0797641431,-0.0819850194
2022-02-22,0.0144253429,0.0091567709,-0.0032497628,0.0173455550,0.0256615805,0.0184960724
2022-02-23,-0.0130275061,-0.0139804119,0.0142266306,-0.0105275581,-0.0345493879,-0.0273135045
2022-02-24,-0.0009295266,-0.0169356047,-0.0242546466,0.0123744824,0.0179418538,-0.0066237022
2022-02-25,0.0132117429,0.0204325135,0.0182686647,0.0541464448,0.0461807041,0.0881865308
2022-03-02,0.0202019919,-0.0165939969,0.0197059545,0.0798657473,0.1281541951,0.0747964960
2022-03-03,-0.0007200885,0.0007996323,-0.0124025474,0.0005016239,-0.0452279424,-0.0508409182
2022-03-04,-0.0055845355,-0.0151701416,-0.0002921822,0.0227684156,-0.0899365494,-0.0885532094
2022-03-07,-0.0298007325,-0.0214836016,-0.0709904216,0.0304011178,-0.0217480721,-0.0399895459
2022-03-08,0.0016805182,-0.0095275392,0.0207547488,-0.0438755186,0.0277837279,0.0417991417
2022-03-09,0.0232081074,0.0497705370,0.0030807194,-0.0263669967,0.0728224276,0.0486739284
2022-03-10,-0.0034614434,0.0007965866,0.0350121612,0.0330184957,-0.0694141580,-0.0535282037
2022-03-11,-0.0155393469,-0.0111470581,-0.0359048897,-0.0052414226,-0.0166446539,-0.0189432647
2022-03-14,-0.0154131484,0.0140905417,-0.0190825575,-0.0536211780,0.0354930441,0.0250536931
2022-03-15,-0.0107506543,-0.0035724138,-0.0241609072,-0.0287119621,0.0010949972,0.0209174919
2022-03-16,0.0213536495,0.0195213774,-0.0086817310,0.0242778094,0.0544235034,0.0666111063
2022-03-17,0.0157737768,0.0218831722,-0.0265972315,0.0347855498,-0.0218992760,-0.0021280319
2022-03-18,0.0174584351,0.0072660653,0.0199931701,0.0189817840,0.0138153111,0.0392475550
2022-03-21,0.0109274727,0.0246778515,0.0375694295,0.0283070392,-0.0215121245,-0.0202991551
2022-03-22,0.0103626586,0.0137086803,-0.0044080668,-0.0223661476,0.0142054236,0.0090452285
2022-03-23,-0.0017683196,-0.0043864296,0.0135988716,-0.0015528740,0.0074394507,0.0142807857
2022-03-24,0.0162975758,0.0066075599,0.0115445247,0.0047695303,0.0069890753,0.0074835378
2022-03-25,0.0000871722,0.0018241431,-0.0037013359,-0.0173359091,0.0092605410,-0.0000123165
2022-03-28,-0.0020914847,-0.0007281797,-0.0216718574,0.0011551337,0.0429842006,0.0541276313
2022-03-29,0.0108287297,0.0116579816,0.0221519309,-0.0086009552,0.0129495032,0.0254412529
2022-03-30,0.0012959095,0.0021599918,0.0213622150,0.0142830681,-0.0101359388,-0.0065971408
2022-03-31,-0.0025884646,-0.0125761550,0.0139436393,-0.0028164102,-0.0296355777,-0.0278274674
2022-04-01,0.0138408174,0.0028275423,-0.0131540656,0.0142260596,0.0095179626,0.0441360317
2022-04-04,-0.0034129173,-0.0090776807,-0.0093910644,0.0101071312,-0.0097689191,0.0034163884
2022-04-05,-0.0196061717,-0.0201536552,-0.0094800926,-0.0288955073,-0.0361808990,-0.0442725808
2022-04-06,-0.0055890261,-0.0003744991,-0.0009262575,0.0151404595,-0.0398209701,-0.0588591396
2022-04-07,0.0068499057,-0.0007478584,0.0519160239,0.0060072572,0.0208406763,0.0335545077
2022-04-08,-0.0058438566,-0.0018719747,0.0049942582,-0.0203851063,-0.0203487818,-0.0050166678
2022-04-11,-0.0123706231,-0.0037512997,-0.0076002946,-0.0120860958,-0.0760236831,-0.0767201980
2022-04-12,-0.0071067163,-0.0176954632,-0.0029455125,-0.0067021618,0.0143425995,0.0155722456
2022-04-13,0.0067102087,0.0026829995,0.0212702570,0.0003213663,0.0214254614,0.0245341852
2022-04-14,-0.0077319156,0.0064979263,-0.0104350937,-0.0140257320,-0.0263582356,-0.0280226694
2022-04-18,-0.0017017684,0.0056974214,-0.0175889001,-0.0165056612,0.0245703453,0.0147280454
2022-04-19,-0.0048447956,-0.0177490295,0.0302735741,-0.0319088944,0.0060606185,0.0047115093
2022-04-20,-0.0078434469,0.0065361847,0.0047393412,-0.0260037565,-0.0003072185,-0.0057214006
2022-04-22,-0.0299863967,-0.0194805521,-0.0389938538,-0.0579624280,-0.0485950545,-0.0458131989
2022-04-25,0.0000936968,-0.0038962002,-0.0147250618,-0.0170292625,0.0564912391,0.0533383510
2022-04-26,-0.0232297050,-0.0340239429,-0.0016605216,-0.0136571056,-0.0419436467,-0.0510593070
2022-04-27,0.0118910422,-0.0080974743,0.0000000000,0.0534616437,0.0551513923,0.0543651979
2022-04-28,0.0032221757,-0.0081636382,0.0066534831,0.0247047718,0.0066393759,0.0096623601
2022-04-29,-0.0232382304,-0.0176950294,0.0006608640,-0.0108075320,-0.0343113408,-0.0462979313
2022-05-02,-0.0065764052,-0.0042909450,-0.0099076259,-0.0044423495,0.0046854324,0.0217340803
2022-05-03,0.0000000000,0.0050528241,0.0090060836,-0.0050651936,0.0021346847,-0.0036537967
2022-05-04,0.0161603973,-0.0012569776,0.0601652732,-0.0083634842,0.0254168334,0.0301606563
2022-05-05,-0.0275914670,-0.0230705121,-0.0018708602,-0.0180906543,-0.0859768342,-0.0725089447
2022-05-06,-0.0026600654,0.0214688006,0.0328022805,-0.0070958972,0.0072702136,0.0020357098
2022-05-09,-0.0153116961,-0.0142922183,-0.0272233349,-0.0409977312,-0.1506128002,-0.1581266809
2022-05-10,-0.0044141497,-0.0051169067,0.0087062210,-0.0124199733,0.0401861641,0.0602174286
2022-05-11,0.0141072305,0.0334334272,0.0348336263,0.0416997469,-0.0726080952,-0.1208813804
2022-05-12,0.0139109850,0.0157603399,0.0077452333,-0.0100395803,0.0044272337,-0.0527378303
2022-05-13,0.0122500979,0.0118421242,0.0130062925,-0.0011552722,0.0079349198,0.0267025081
2022-05-16,0.0107464479,0.0104925354,0.0099211665,0.0299446774,0.0048809660,-0.0105658660
2022-05-17,0.0047892720,0.0087855368,-0.0130021104,-0.0042426116,0.0191327742,0.0337474255
2022-05-18,-0.0256434929,-0.0142518643,-0.0163935157,-0.0253132661,-0.0787429702,-0.1051546247
2022-05-19,0.0085119142,-0.0032128964,0.0169642886,0.0266135401,0.0617872747,0.0593203846
2022-05-20,0.0153279182,0.0124898384,0.0193153173,0.0176581468,-0.0440067192,-0.0355871166
2022-05-23,0.0200649570,0.0258657780,0.0393337295,0.0204282432,-0.0135534208,-0.0046171021
2022-05-24,-0.0011240422,0.0151279613,-0.0272285372,0.0135071606,0.0052015342,-0.0102661844
2022-05-25,0.0001875870,-0.0179591600,0.0142406853,0.0030936973,-0.0022530397,-0.0163808925
2022-05-26,0.0127507307,0.0124511902,0.0024961357,-0.0005931500,-0.0089560494,-0.0714934085
2022-05-27,-0.0011108602,0.0053806066,-0.0476191523,0.0174481154,-0.0329293603,-0.0546139329
2022-05-30,-0.0090825148,-0.0091743252,-0.0199348223,0.0108492323,0.0992742873,0.1480394664
2022-05-31,0.0024317447,0.0092592728,0.0023341357,-0.0050779273,0.0069084764,-0.0224148372
2022-06-01,0.0027057372,-0.0138606037,-0.0013304172,0.0235471788,-0.0670343394,-0.0654886013
2022-06-02,0.0089327168,0.0042666261,-0.0086610365,0.0188122552,0.0408239792,0.0238967973
2022-06-03,-0.0087613847,-0.0092699446,0.0174730944,-0.0160177737,-0.0290549741,-0.0361859198
2022-06-06,-0.0098623479,-0.0035093237,0.0006602977,0.0010173604,0.0515369627,0.0429196158
2022-06-07,-0.0025370856,0.0000000000,0.0118813240,0.0233768244,-0.0028663705,-0.0204095185
2022-06-08,-0.0146020069,-0.0191703840,-0.0048923528,-0.0344296534,-0.0153745640,0.0038346129
2022-06-09,-0.0087953937,-0.0171517823,-0.0144214410,-0.0338284930,0.0028722006,0.0041793786
2022-06-10,-0.0179398206,-0.0219153057,-0.0139675531,0.0002365339,-0.0331202691,-0.0687307995
2022-06-13,-0.0265173537,-0.0120333781,-0.0128161184,-0.0316934310,-0.2140816848,-0.2646383232
2022-06-14,-0.0076674951,-0.0067196502,0.0112742753,-0.0019540158,0.0131611574,0.0319932554
2022-06-15,0.0103700349,0.0042280623,-0.0175676258,-0.0006119444,0.0170202529,0.0183175597
2022-06-17,-0.0318977486,-0.0126314586,-0.0608665079,-0.0521610450,-0.1044195538,-0.1299520804
2022-06-20,0.0008315334,0.0434971531,0.0113512224,-0.0246739639,0.0261525744,0.0583705559
2022-06-21,0.0011423887,-0.0106257373,-0.0199132152,0.0066225599,0.0122408928,0.0042968234
2022-06-22,-0.0038382027,-0.0074350302,-0.0029551704,-0.0085524826,-0.0469185685,-0.0768620620
2022-06-23,-0.0142663244,-0.0228883165,-0.0185252347,-0.0364965086,0.0695584956,0.1024965975
2022-06-24,0.0085569145,-0.0017033218,-0.0075503497,0.0278238239,0.0155216355,0.0821648697
2022-06-27,0.0196920208,0.0059731668,0.0642831488,0.0459663172,-0.0227358088,-0.0264004685
2022-06-28,-0.0030816171,-0.0110264856,0.0125091489,0.0179369201,-0.0227938288,-0.0419759348
2022-06-29,-0.0108191965,-0.0102917332,-0.0088247879,-0.0083068083,-0.0030674417,-0.0344072744
2022-06-30,-0.0104166667,-0.0177641519,-0.0053418639,-0.0283033779,-0.0318961601,-0.0445996352
2022-07-01,0.0066315500,0.0087253229,0.0214824638,-0.0190697938,-0.0126823800,0.0065700030
2022-07-04,-0.0044965002,-0.0096280547,0.0213807840,-0.0057256794,0.0657110792,0.1024808436
2022-07-05,-0.0042016167,0.0070703240,-0.0380918696,-0.0049551793,-0.0025392210,-0.0148494964
2022-07-06,0.0065400327,-0.0092145099,-0.0128435263,0.0094212208,0.0286061835,0.0573875067
2022-07-07,0.0205407579,0.0141717005,0.0292736805,0.0290665755,0.0613828952,0.0509323748
2022-07-08,-0.0051345247,0.0004371027,0.0112359532,-0.0230628353,-0.0122927981,-0.0285328667
2022-07-11,-0.0214698004,-0.0161506604,-0.0048611614,-0.0340848599,-0.0955108703,-0.1166263701
2022-07-12,0.0010548362,-0.0022177695,-0.0150034105,0.0030208257,-0.0096902758,-0.0316254363
2022-07-13,-0.0041095825,-0.0040022055,0.0007084139,-0.0034224110,0.0574966125,0.0844508669
2022-07-14,-0.0207385360,-0.0111604933,-0.0269025886,-0.0666209836,0.0091683122,0.0610144223
2022-07-15,0.0077795091,0.0180582239,0.0170971923,0.0061809379,0.0189453524,0.0410396178
2022-07-18,0.0010722216,0.0133040777,0.0228898364,0.0052656221,0.0766306001,0.2772551616
2022-07-19,0.0142443415,0.0336979681,0.0202795399,0.0021824024,0.0453255429,-0.0178168358
2022-07-20,0.0026399156,-0.0127007135,-0.0003427156,-0.0216319085,-0.0110722447,-0.0190550265
2022-07-21,0.0042127598,0.0081472508,-0.0051421732,0.0175101508,0.0076296284,0.0481391919
2022-07-22,0.0007341342,-0.0106338087,0.0106821899,0.0093334678,-0.0144635302,-0.0200332429
2022-07-25,0.0139383972,0.0146171305,0.0467100656,0.0184943195,-0.0597646015,-0.0600433383
2022-07-26,-0.0062015346,-0.0055085440,0.0100974726,-0.0018440752,-0.0311054593,-0.0279539215
2022-07-27,0.0174727018,0.0034086690,0.0109643091,0.0022739455,0.0783555762,0.1335352237
2022-07-28,0.0129816684,0.0063697593,0.0299842441,0.0024105659,0.0190149551,0.0334270932
2022-07-29,0.0020182097,-0.0033757108,0.0576028724,-0.0132974205,-0.0131283789,-0.0103902862
2022-08-01,-0.0074522202,-0.0056072637,-0.0137629330,-0.0239425347,-0.0227757163,-0.0554818091
2022-08-02,0.0098417334,0.0106515393,0.0044538779,0.0318741892,-0.0119757293,0.0010956771
2022-08-03,0.0067316204,0.0071672160,0.0005910780,-0.0388611172,0.0122437111,0.0093021864
2022-08-04,0.0227545557,0.0242779073,0.0106351357,-0.0057761460,-0.0084962709,-0.0056490360
2022-08-05,0.0025370267,0.0187986821,0.0192926271,0.0129598601,0.0151430537,0.0625357924
2022-08-08,0.0200506641,0.0124351786,0.0504731090,0.0085295034,0.0132126131,0.0158279345
2022-08-09,0.0023854961,0.0261488639,0.0163800948,0.0207057619,-0.0373637800,-0.0509499622
2022-08-10,0.0143740549,0.0185322241,-0.0032232223,0.0007142427,0.0365674486,0.0902194605
2022-08-11,-0.0063813844,0.0015162985,-0.0231744138,0.0348320852,-0.0054447546,0.0099725146
2022-08-12,0.0260672668,0.0121120223,0.0742597922,0.0127988091,0.0312447224,0.0533404381
2022-08-15,0.0030375721,0.0086017993,0.0003155781,-0.0214899032,-0.0266407148,-0.0425770588
2022-08-16,0.0072497101,0.0114941536,0.0091425301,0.0222546687,-0.0064740612,-0.0096774193
2022-08-17,0.0020954421,0.0025653648,0.0234299961,-0.0227728089,-0.0140681696,-0.0151972962
2022-08-18,-0.0004545452,-0.0029250431,0.0201464187,-0.0074746723,-0.0007818840,0.0122007585
2022-08-19,-0.0219210807,-0.0119975979,-0.0505683106,-0.0112227534,-0.1002510718,-0.1263643650
2022-08-22,-0.0074397418,-0.0112609653,0.0214306718,-0.0146354698,0.0252497738,0.0061737443
2022-08-23,0.0222055190,0.0026570035,0.0317800766,0.0641102498,0.0036425258,0.0223770506
2022-08-24,0.0007332890,0.0041656128,0.0059810238,-0.0321892980,-0.0163195852,-0.0136009007
2022-08-25,0.0038468416,0.0124429348,-0.0107012649,0.0194260699,0.0109286788,0.0250997093
2022-08-26,-0.0113138493,-0.0059590694,0.0108170207,-0.0150136082,-0.0623323591,-0.1114601031
2022-08-29,0.0003691484,-0.0033714439,0.0249706061,-0.0193463474,-0.0071859461,0.0206991643
2022-08-30,-0.0184501842,-0.0045111148,-0.0594548141,-0.0289940804,-0.0314920107,-0.0256425921
2022-08-31,-0.0053571399,-0.0253025895,0.0246685855,-0.0072341798,0.0318557610,0.0387925541
2022-09-01,0.0071812765,0.0154178145,0.0186577025,-0.0094574641,0.0155796869,0.0328322957
2022-09-02,0.0046908717,0.0137456924,-0.0127033010,-0.0151823396,0.0034209266,0.0056178181
2022-09-05,0.0126996046,0.0161954455,-0.0023937261,0.0365544038,-0.0210207828,0.0117586827
2022-09-06,-0.0230520984,-0.0092656211,-0.0371924145,-0.0237657978,-0.0523408812,-0.0374720691
2022-09-08,0.0021708670,-0.0071085778,-0.0093458658,0.0131931919,0.0446028416,0.0659803577
2022-09-09,0.0209079037,0.0079125808,-0.0003144437,0.0781274060,0.0990805017,0.0445130995
2022-09-12,0.0095941043,0.0123370877,-0.0097517864,0.0087708368,0.0328231102,-0.0159068246
2022-09-13,-0.0224780613,-0.0103402890,-0.0263655970,-0.0272236873,-0.1022732060,-0.0873261745
2022-09-14,-0.0021499659,-0.0037312696,0.0153341751,-0.0183150634,0.0164137176,0.0540015833
2022-09-15,-0.0059953104,0.0026219726,-0.0019278263,0.0201493641,-0.0317548534,-0.1044476229
2022-09-16,-0.0048063532,-0.0033621843,-0.0090148669,-0.0014631200,0.0198355912,-0.0109435468
2022-09-19,0.0248106324,0.0374811619,0.0159193894,0.0323810395,-0.0106874139,-0.0374872126
2022-09-20,0.0058214493,0.0332367321,-0.0057565324,-0.0143344813,-0.0481189019,-0.0531971296
2022-09-21,-0.0063389510,-0.0104892052,0.0025733679,-0.0143989295,-0.0237598599,-0.0595763936
2022-09-22,0.0182136975,0.0201415331,0.0247033223,0.0229365885,0.0525827388,0.0658907127
2022-09-23,-0.0207936164,-0.0197438615,-0.0626172307,-0.0207084586,-0.0165254493,-0.0101864404
2022-09-26,-0.0251298143,-0.0215545870,-0.0217102503,0.0021876774,0.0240193243,0.0334775522
2022-09-27,-0.0042803858,-0.0057783930,0.0129737325,-0.0148430568,0.0188567433,0.0208494029
2022-09-28,0.0013374034,-0.0003630657,-0.0134816702,0.0094535789,0.0144130542,0.0033673617
2022-09-29,-0.0097309354,0.0148977898,0.0013666892,0.0013169777,0.0068017777,-0.0020391067
2022-09-30,0.0256261653,0.0046545258,0.0167178010,0.0527546726,-0.0031530078,-0.0016751156
2022-10-03,0.0557956274,0.0608956984,0.0798658557,0.0272069314,0.0132572396,-0.0000755928
2022-10-04,-0.0004448670,0.0016803549,-0.0251708422,0.0241892741,-0.0116581981,-0.0184434468
2022-10-05,0.0086337448,0.0000000000,0.0376153374,0.0154375010,-0.0062990083,-0.0044539358
2022-10-06,0.0013236986,-0.0181205923,0.0341013275,-0.0224792677,-0.0064717800,0.0029115409
2022-10-07,-0.0060809239,0.0020502726,-0.0008909193,0.0037218956,-0.0157805607,-0.0094738654
2022-10-10,-0.0062067473,-0.0105725447,-0.0112995645,-0.0201297053,-0.0248089186,-0.0349319376
2022-10-11,-0.0106174377,-0.0068945571,-0.0075189115,-0.0067577434,-0.0069262585,-0.0113194902
2022-10-13,-0.0056812811,-0.0059000757,0.0284847416,-0.0178254737,0.0379366608,0.0270012351
2022-10-14,-0.0185017311,0.0003487747,-0.0153212289,-0.0325576002,-0.0161061935,0.0011844098
2022-10-17,0.0155239354,0.0080278529,-0.0008975469,0.0157526845,0.0321267477,0.0396224298
2022-10-18,0.0185623375,0.0245845077,0.0245582800,0.0145212990,-0.0203548804,-0.0252125219
2022-10-19,0.0036626409,0.0003375773,0.0353697446,-0.0118121438,-0.0171247572,-0.0258334880
2022-10-20,0.0048954433,0.0155405082,0.0296444438,0.0127971226,0.0011031232,0.0036216746
2022-10-21,0.0312665964,0.0332671349,0.0342745323,0.0292972930,-0.0038134816,0.0029369827
2022-10-24,-0.0368461814,-0.0453959422,-0.0919935487,-0.0296774353,-0.0012614912,0.0241053026
2022-10-25,-0.0148028896,-0.0080941876,-0.0210219023,0.0000000000,0.0675120650,0.1167963590
2022-10-26,-0.0153874414,-0.0214216760,-0.0244557389,0.0222436192,0.0353213417,0.0735861245
2022-10-27,0.0112153083,0.0184158304,0.0076429229,-0.0356315573,-0.0107078064,-0.0208213873
2022-10-28,0.0272727273,0.0078469840,-0.0118326969,-0.0487942980,0.0068284844,0.0186140047
2022-10-31,-0.0075221104,0.0291132980,-0.0847403197,-0.0047442694,-0.0142849081,0.0014801417
2022-11-01,0.0058849400,0.0025556422,0.0016772380,0.0303888509,-0.0212447448,-0.0163906495
2022-11-03,0.0025707023,-0.0072226538,0.0030141144,-0.0292033273,-0.0203343093,-0.0372654407
2022-11-04,0.0079575733,0.0036377901,-0.0550919193,0.0759493711,0.0407390329,0.0683563174
2022-11-07,-0.0243859542,-0.0227346151,-0.0406360853,-0.0052595491,-0.0327473328,-0.0533572996
2022-11-08,0.0097105001,-0.0030346899,0.0073665397,0.0303324684,-0.0867354041,-0.1377157135
2022-11-09,-0.0227070613,-0.0480217874,-0.0164534389,-0.0121539687,-0.1452066030,-0.1762186052
2022-11-10,-0.0332574171,-0.0188275609,-0.0289962084,0.0191388499,0.1165117016,0.1908408636
2022-11-11,0.0230914667,-0.0322230222,0.0333079342,0.1039569997,-0.0022030052,0.0204527179
2022-11-14,0.0063564698,-0.0029928902,0.0263061390,0.0122721396,-0.0358455083,-0.0467280145
2022-11-16,-0.0292932718,-0.0142592005,-0.0198558825,-0.0104427418,0.0130857746,-0.0111792054
2022-11-17,-0.0033006268,0.0060911430,0.0003683694,0.0080058292,0.0137208724,0.0002990060
2022-11-18,-0.0079478091,0.0079455780,-0.0169366330,-0.0273166989,0.0048959986,0.0138894644
2022-11-21,0.0117310765,0.0030031083,0.0029964070,-0.0112582389,-0.0616422736,-0.0926234002
2022-11-22,-0.0095211361,-0.0164671037,-0.0679667748,0.0027528439,0.0135458080,0.0122650903
2022-11-23,0.0016179516,-0.0102745508,0.0047150512,0.0098578857,0.0335428571,0.0499698219
2022-11-24,0.0281261796,0.0357555354,0.0345562756,0.0064250307,-0.0002637837,0.0176795848
2022-11-25,-0.0289278867,-0.0352636279,-0.0160825719,-0.0067522818,-0.0120881826,-0.0113182056
2022-11-28,0.0007614146,-0.0180837483,0.0209556150,0.0049441939,-0.0021026002,-0.0078194472
2022-11-29,0.0203518722,0.0086212206,0.0418718215,0.0386224211,0.0058259702,0.0315874813
2022-11-30,0.0120234962,0.0101006932,0.0504335725,0.0150402240,0.0252208707,0.0455916862
2022-12-01,-0.0139989339,-0.0000906310,-0.0401349709,0.0054835393,-0.0279801096,-0.0311780167
2022-12-02,0.0083130899,0.0134717445,0.0125049743,0.0071943434,0.0075533652,0.0145201587
2022-12-05,-0.0214914290,-0.0292439374,-0.0111927554,-0.0010368314,-0.0000692707,-0.0202942989
2022-12-06,0.0105083844,0.0230828051,0.0007805408,0.0145310104,0.0187180248,0.0215030094
2022-12-07,-0.0107738575,-0.0072657118,-0.0113104830,-0.0355802652,-0.0227133500,-0.0392822745
2022-12-08,-0.0191305684,-0.0350543817,-0.0224848249,0.0122582820,0.0170089491,0.0335398253
2022-12-09,0.0031862685,-0.0095185045,-0.0028251497,0.0333024646,-0.0019432400,-0.0092886060
2022-12-12,-0.0202117271,-0.0094534952,-0.0323755017,-0.0298623933,0.0063343143,0.0102388782
2022-12-13,-0.0147347736,-0.0377590131,-0.0246759522,0.0042192540,0.0504467595,0.0531136442
2022-12-14,0.0039879749,0.0043126729,-0.0793309530,0.0084725667,-0.0034353979,-0.0138071540
2022-12-15,-0.0019860671,0.0055812330,0.0265487176,0.0032225380,-0.0281755344,-0.0356726610
2022-12-16,-0.0109452584,0.0111015936,0.0004536628,-0.0170930614,-0.0350266008,-0.0714135530
2022-12-19,0.0198189255,0.0299831588,0.0149659521,-0.0036181143,-0.0134662957,-0.0015515138
2022-12-20,0.0215053788,0.0106601940,0.0308311024,0.0044511850,0.0254947941,0.0399727494
2022-12-21,0.0030902915,0.0040568368,0.0216730537,0.0057143993,-0.0227710554,-0.0209234844
2022-12-22,0.0005776216,0.0020198814,0.0178193548,-0.0056819305,0.0010503002,0.0040653351
2022-12-23,0.0199172490,0.0157259952,0.0471031710,0.0066471283,-0.0085670954,-0.0049838982
2022-12-26,-0.0080188535,-0.0198491288,-0.0071657627,0.0091520498,0.0070604416,0.0053322448
2022-12-27,-0.0023775558,-0.0056700512,0.0068164265,0.0238779554,-0.0017977877,-0.0013766525
2022-12-28,0.0181125024,0.0203661161,-0.0123457495,-0.0022425639,0.0043489553,-0.0047373851
2022-12-29,-0.0079588584,-0.0019960291,-0.0120968255,-0.0012358157,0.0005787895,0.0048904048
2023-01-02,-0.0313355337,-0.0197073499,-0.0644896435,0.0058503862,0.0063321875,0.0144591093
2023-01-03,-0.0209489813,-0.0208246725,-0.0253056293,-0.0017897664,0.0135964917,0.0142219197
2023-01-04,0.0143311581,0.0029191324,0.0317815303,0.0017929754,0.0333201858,0.0572087628
2023-01-05,0.0230572853,0.0311841477,0.0360086116,0.0167785452,-0.0103922188,-0.0136368297
2023-01-06,0.0117963306,0.0173391804,-0.0058625775,0.0158415117,-0.0080450178,0.0001351215
2023-01-09,-0.0014218154,0.0071342404,0.0054762755,0.0010831457,-0.0093501659,0.0166875718
2023-01-10,0.0173706868,0.0192836428,0.0092165425,0.0123323607,0.0202122717,0.0170581629
2023-01-11,0.0179137728,0.0173741663,0.0078871277,-0.0035266122,0.0171658985,0.0274662647
2023-01-12,-0.0076993249,-0.0140413387,0.0144148711,0.0052546272,0.0440604926,0.0137972028
2023-01-13,-0.0084057237,-0.0050035527,-0.0024359624,0.0008535079,0.0447237698,0.0136684727
2023-01-16,-0.0175127832,-0.0108320647,-0.0215709050,-0.0167341677,0.0576683968,0.0805194879
2023-01-17,0.0220916071,0.0207275679,0.0615640532,-0.0013008832,0.0124643808,0.0070796346
2023-01-18,0.0049165006,0.0180073821,-0.0176332323,0.0131336299,-0.0311548208,-0.0420985346
2023-01-19,0.0072002102,0.0000000000,0.0327082577,0.0042853765,0.0363665928,0.0416630594
2023-01-20,-0.0060489750,-0.0176888522,0.0185401818,0.0026669736,0.0728403258,0.0665100040
2023-01-23,-0.0050714194,-0.0306513633,0.0159271335,0.0032982240,0.0178825112,-0.0126654800
2023-01-24,0.0141797846,0.0090904126,-0.0070924334,0.0106045429,-0.0130676997,-0.0440757091
2023-01-25,0.0111486906,0.0035259218,0.0127820159,0.0094437632,0.0080243359,0.0219768372
2023-01-26,-0.0020786566,-0.0058547906,-0.0256123444,0.0187110446,-0.0165163812,-0.0181537614
2023-01-27,-0.0182937573,-0.0212017074,-0.0240000197,-0.0273468757,0.0001272862,-0.0049456948
2023-01-30,0.0027674854,0.0004007087,0.0050742850,-0.0035669223,-0.0016480417,-0.0106795201
2023-01-31,0.0104875752,0.0156381906,0.0124269945,-0.0049483538,0.0146247320,0.0137819604
2023-02-01,-0.0131099314,-0.0131299913,-0.0138089392,-0.0111100048,0.0167003953,0.0261899508
2023-02-02,-0.0193726794,0.0092072013,-0.0462854624,-0.0462231107,-0.0142655252,-0.0028074649
2023-02-03,-0.0134524954,-0.0035701960,0.0110113345,-0.0021315249,-0.0018107757,0.0122242922
2023-02-06,0.0036235076,0.0003977366,0.0399355875,-0.0124787972,-0.0100532845,-0.0097892358
2023-02-07,-0.0109263803,-0.0230789114,-0.0062064062,0.0066029912,0.0213382336,0.0336739100
2023-02-08,0.0215177512,0.0826882945,0.0167837268,0.0033930209,-0.0017780524,-0.0005287886
2023-02-09,-0.0178671616,-0.0248309106,-0.0046064218,-0.0037196783,-0.0506293260,-0.0649340881
2023-02-10,0.0029681880,-0.0046300842,0.0304664274,-0.0179885664,0.0094831500,-0.0034580350
2023-02-13,0.0068735200,0.0352714727,0.0029940341,-0.0010368314,-0.0072279831,-0.0193833838
2023-02-14,-0.0098606324,-0.0123551399,-0.0037312035,0.0044977207,0.0081589083,0.0220680024
2023-02-15,0.0155128099,0.0147840541,0.0014980039,0.0218141173,0.1009420819,0.0819660137
2023-02-16,0.0042432526,0.0074712610,0.0041136338,0.0021348775,-0.0231934357,-0.0151197992
2023-02-17,-0.0088263140,-0.0033369002,-0.0152698812,-0.0130062100,0.0396418752,0.0331242644
2023-02-22,-0.0185676310,-0.0186016577,-0.0257186591,-0.0076109055,-0.0248308761,-0.0397664945
2023-02-23,0.0053089098,0.0037910182,0.0306677694,-0.0046931856,-0.0129096950,0.0017968305
2023-02-24,-0.0169947599,-0.0305888962,-0.0244818983,-0.0219665714,-0.0341128102,-0.0286989784
2023-02-27,-0.0008790422,-0.0128561333,0.0096521104,0.0000000000,0.0281341278,0.0303015385
2023-02-28,-0.0111447784,0.0035523255,-0.0347992021,0.0032924567,-0.0174944705,-0.0189246335
2023-03-01,0.0004942701,-0.0162268360,0.0023771611,0.0454759867,0.0286781533,0.0430409891
2023-03-02,-0.0124505390,-0.0328000290,-0.0260868309,-0.0022421945,-0.0181564360,-0.0205818265
2023-03-03,0.0048028389,0.0012409439,0.0430195388,0.0033707908,-0.0434837320,-0.0435235288
2023-03-06,0.0104561150,0.0227181084,0.0101166999,-0.0352742826,0.0019964055,-0.0021263226
2023-03-07,-0.0056174208,0.0028273287,-0.0331278876,-0.0095182648,-0.0174100410,-0.0115827666
2023-03-08,0.0229930591,0.0124844161,0.0127492392,0.0091409804,-0.0154075284,-0.0106213232
2023-03-09,-0.0160821899,-0.0190933327,-0.0043273141,-0.0131227938,-0.0706310335,-0.0704442712
2023-03-10,-0.0132926202,-0.0239254438,-0.0130385757,-0.0032949671,-0.0049129196,-0.0028783616
2023-03-13,-0.0042909920,-0.0120473840,-0.0316252974,0.0041324024,0.2107021829,0.1875506459
2023-03-14,-0.0020043791,-0.0033641753,-0.0177761254,0.0091038709,0.0285712451,0.0196566641
2023-03-15,-0.0019080381,-0.0025319151,-0.0176765602,-0.0301263837,-0.0138297495,-0.0266698014
2023-03-16,0.0061374446,0.0164972022,-0.0034277706,0.0036831309,0.0346940337,0.0195271272
2023-03-17,-0.0127999878,-0.0287141978,0.0107482416,0.0119879850,0.0827409479,0.0571038567
2023-03-20,-0.0103322960,0.0025706684,-0.0246703416,0.0082194571,0.0218506780,-0.0229679590
2023-03-21,0.0023541798,0.0205133366,0.0204972162,-0.0083924388,0.0066202931,0.0328626667
2023-03-22,-0.0091902535,-0.0058632716,-0.0029915320,-0.0124528690,-0.0298574539,-0.0372588697
2023-03-23,-0.0252498916,-0.0248523347,-0.0227177925,-0.0257102588,0.0366415076,0.0443251497
2023-03-24,0.0135335034,0.0145057718,-0.0004383836,-0.0114350320,-0.0184405847,-0.0242694360
2023-03-27,0.0070936814,0.0172262601,0.0171130319,-0.0016525188,-0.0224706090,-0.0304192283
2023-03-28,0.0154339947,0.0046573164,0.0176876516,0.0105680806,-0.0044693849,0.0239593984
2023-03-29,0.0053045423,0.0096919990,0.0131411596,0.0143628972,0.0330768054,0.0050398935
2023-03-30,0.0194824770,0.0275458618,0.0029286473,0.0162713551,-0.0168902246,-0.0059944652
2023-03-31,-0.0197074085,0.0048738316,-0.0216934938,-0.0186996400,0.0076596876,0.0081201989
2023-04-03,-0.0019290772,-0.0280044439,0.0443493797,0.0002490596,-0.0299928720,-0.0123660206
2023-04-04,0.0021363080,0.0199750977,-0.0089833606,-0.0282654293,0.0137573091,0.0336980911
2023-04-05,-0.0089331526,-0.0008163501,0.0032964965,-0.0147359652,0.0018529121,0.0218998283
2023-04-06,-0.0004097195,-0.0032665946,-0.0143737275,-0.0018209113,-0.0121103159,-0.0262124796
2023-04-10,0.0109643136,0.0106517090,0.0212499096,0.0192835804,0.0618218343,0.0247394356
2023-04-11,0.0430772333,0.0324279303,0.0469195081,0.0527930461,0.0218285399,-0.0078156022
2023-04-12,0.0042755300,0.0066744393,0.0074046974,-0.0213697625,-0.0152387977,0.0027737762
2023-04-13,-0.0040638430,0.0000000000,0.0069631263,-0.0135234923,-0.0089291100,0.0296355308
2023-04-14,0.0010686934,0.0144306607,0.0103725679,-0.0088039621,0.0048486482,0.0463023233
2023-04-17,-0.0032026575,-0.0019228043,0.0155895541,-0.0119273940,-0.0376646871,-0.0156917370
2023-04-18,-0.0000973823,-0.0007696837,0.0254585445,0.0086040152,0.0388892602,0.0200496972
2023-04-19,-0.0216162966,-0.0158062426,-0.0321284862,-0.0291571672,-0.0432673968,-0.0716023196
2023-04-20,0.0051751257,0.0027419299,0.0067899060,-0.0208522008,-0.0023129000,0.0215760896
2023-04-24,-0.0037623490,-0.0089841293,0.0191080660,-0.0361640949,-0.0305831783,-0.0565732563
2023-04-25,-0.0069569127,0.0090655756,-0.0040437359,-0.0272374153,0.0254654066,0.0101119918
2023-04-26,-0.0091072463,-0.0101564626,-0.0125510769,0.0038571893,0.0079959502,0.0038119802
2023-04-27,0.0052519607,0.0177588601,-0.0242988597,0.0212039324,0.0349078427,0.0205762971
2023-04-28,0.0137647218,0.0050407105,0.0228816876,0.0089187139,-0.0177164074,-0.0216587808
2023-05-02,-0.0238850706,-0.0386967275,-0.0405065161,-0.0395029452,-0.0201870399,-0.0091545209
2023-05-03,0.0011168709,-0.0016072585,-0.0035181868,-0.0077652607,0.0215982075,0.0284085170
2023-05-04,0.0035496803,0.0080453234,0.0158872098,-0.0310143905,-0.0141529064,-0.0227577912
2023-05-05,0.0299141668,0.0371109014,0.0425717596,0.0326054765,0.0213845611,0.0599898905
2023-05-08,0.0056912391,0.0138513044,0.0212499591,0.0134704795,-0.0681192325,-0.0789375285
2023-05-09,0.0127817857,0.0060722052,0.0032639894,0.0102899766,0.0100734123,0.0111293346
2023-05-10,0.0016377472,0.0147114522,-0.0024400116,-0.0188145229,-0.0057454644,-0.0077529111
2023-05-11,0.0081754204,0.0096652358,0.0366895681,-0.0194636785,-0.0309114627,-0.0333284075
2023-05-12,0.0021942698,-0.0092047677,0.0322455537,0.0010292195,-0.0099429124,0.0036892365
2023-05-15,0.0039980786,0.0037167316,-0.0224764109,0.0143947873,0.0125499050,0.0033744511
2023-05-16,-0.0079643876,-0.0033320555,0.0249416054,-0.0205618772,-0.0122655170,-0.0029729088
2023-05-17,0.0131893809,0.0100291735,-0.0243346599,0.0331164809,0.0240722874,0.0092832616
2023-05-18,0.0069804532,-0.0036774362,0.0058458505,0.0014311785,-0.0210166412,-0.0113902043
2023-05-19,0.0038407837,-0.0081212454,-0.0015496402,-0.0110030741,0.0075776494,0.0114680553
2023-05-22,-0.0056924280,-0.0189804447,-0.0058208955,-0.0160381542,0.0050722393,0.0092726150
2023-05-23,-0.0010323849,0.0079669362,0.0245902439,-0.0226138856,0.0077157474,0.0140039887
2023-05-24,-0.0109921625,-0.0056458092,0.0152380464,-0.0226863359,-0.0317297144,-0.0282747165
2023-05-25,0.0121592709,0.0314160724,-0.0075046369,-0.0030745717,0.0028206911,0.0007090776
2023-05-26,0.0090098457,-0.0077068301,0.0132323288,0.0228219664,0.0247709784,0.0282318532
2023-05-29,-0.0068831316,-0.0044374031,-0.0041043717,-0.0075380226,0.0296772142,0.0264929555
2023-05-30,-0.0130186329,-0.0141163660,-0.0112402638,-0.0235455198,0.0034901884,0.0092871922
2023-05-31,-0.0051243208,-0.0079130071,-0.0102308292,-0.0073118250,-0.0141541861,-0.0108672861
2023-06-01,0.0225104988,0.0147331082,0.0321589560,0.0211567328,-0.0107696895,-0.0024180621
2023-06-02,0.0169776096,0.0146071483,0.0081602626,0.0426640448,0.0076368462,0.0157454205
2023-06-05,0.0011007407,0.0022145538,0.0106695522,-0.0082424669,-0.0653154934,-0.0607408396
2023-06-06,0.0176837119,0.0069979387,0.0211141769,0.0032650320,0.0507888457,0.0336015712
2023-06-07,0.0063923569,0.0029263820,0.0292331527,0.0158283492,-0.0354468115,-0.0303307965
2023-06-09,0.0127929891,0.0138587696,0.0488399896,-0.0045143788,0.0071671227,0.0063376215
2023-06-12,0.0037982538,-0.0107914709,0.0175031287,-0.0181391773,-0.0306066942,-0.0615926014
2023-06-13,-0.0061597761,0.0112724507,-0.0019513408,0.0105780537,-0.0029223334,-0.0055429903
2023-06-14,0.0192137252,0.0136643197,0.0429662451,0.0175437691,-0.0305564670,-0.0508226272
2023-06-15,0.0025193373,0.0131249740,-0.0235881110,0.0078237644,0.0083458762,-0.0004607330
2023-06-16,-0.0043327556,0.0031512438,0.0085061206,0.0015813905,0.0281256907,0.0294689468
2023-06-19,0.0107049235,0.0136127515,0.0263159406,-0.0038753857,0.0194202223,0.0117645425
2023-06-20,-0.0026694012,-0.0004761250,0.0049309639,-0.0257923104,0.0483809637,0.0248833122
2023-06-21,0.0038853130,0.0097359357,0.0418712171,-0.0100578484,0.0627572467,0.0579179922
2023-06-22,-0.0086866306,-0.0096420612,-0.0125588931,-0.0053787931,-0.0094463318,-0.0151363947
2023-06-23,0.0004337621,-0.0031296706,-0.0410174444,-0.0100645147,0.0277852826,0.0122133663
2023-06-26,-0.0077183194,-0.0013949271,0.0225463319,0.0021245028,-0.0105649544,-0.0144141752
2023-06-27,-0.0056808385,-0.0111774036,-0.0077820774,0.0119623269,0.0099210650,0.0124143787
2023-06-28,-0.0065043323,-0.0056517295,0.0094771642,-0.0315725709,-0.0107300112,-0.0239019445
2023-06-29,0.0166327957,0.0120784441,0.0045321567,0.0122064648,0.0203502524,0.0216948851
2023-06-30,-0.0064398701,-0.0024565931,-0.0483403845,-0.0196916406,0.0021002847,0.0448077880
2023-07-03,0.0155032347,0.0196337692,0.0186252525,0.0312987312,0.0072527634,-0.0033897535
2023-07-04,-0.0060376450,-0.0062154756,0.0023270005,-0.0049827818,-0.0075553945,-0.0049753368
2023-07-05,0.0052065124,0.0086859179,-0.0013265143,-0.0088012212,-0.0016692358,-0.0065933894
2023-07-06,-0.0189916870,-0.0148118039,-0.0152774582,-0.0071954091,-0.0183428451,-0.0309660092
2023-07-07,0.0136395905,0.0188809488,-0.0050589185,0.0094063006,0.0294390279,0.0268084266
2023-07-10,-0.0094626612,-0.0065199312,0.0016948804,-0.0152763370,-0.0073614669,-0.0044485353
2023-07-11,-0.0026292325,-0.0176169142,-0.0135365056,0.0328886266,0.0124316278,0.0044173909
2023-07-12,0.0002636097,-0.0059773544,0.0006863178,0.0070591608,-0.0169512086,-0.0128151921
2023-07-13,0.0153738028,0.0109656257,0.0157693629,0.0232661043,0.0282945947,0.0641454232
2023-07-14,-0.0140162893,-0.0104966401,-0.0195746394,0.0000000000,-0.0407024848,-0.0379076662
2023-07-17,0.0065812566,0.0194480596,-0.0020655267,-0.0110770162,-0.0075922623,-0.0156610322
2023-07-18,-0.0066254219,-0.0194240575,-0.0055189911,-0.0063375822,-0.0059363070,-0.0036785099
2023-07-19,-0.0017551290,-0.0106117424,0.0093651770,-0.0026698121,0.0026509128,-0.0038024759
2023-07-20,0.0051867810,0.0185910610,0.0010307836,0.0022308248,-0.0080927364,-0.0029998568
2023-07-21,0.0180164881,0.0179008801,0.0188811111,0.0060840306,0.0053852421,0.0020497699
2023-07-24,0.0100515305,-0.0158619546,0.0208894821,0.0302359672,-0.0284343135,-0.0262136941
2023-07-25,0.0034873153,0.0021024435,0.0231022309,0.0309234091,-0.0091524742,-0.0067253732
2023-07-26,0.0064417230,0.0055943054,0.0000000000,-0.0034717551,0.0093385893,0.0127512700
2023-07-27,-0.0227387317,-0.0222528286,-0.0519354443,-0.0186733510,-0.0075762956,-0.0089618017
2023-07-28,0.0041364678,0.0149356449,0.0125893836,-0.0396193650,0.0048607628,0.0088828458
2023-07-31,0.0122725742,0.0035038160,0.0453628750,0.0226230868,-0.0068878805,-0.0137332392
2023-08-01,-0.0036456152,0.0030624197,-0.0163934521,-0.0138809306,0.0155461957,0.0087193682
2023-08-02,-0.0043396402,-0.0031345883,-0.0022874567,-0.0162756707,-0.0036570430,-0.0034757733
2023-08-03,-0.0025639095,-0.0076874008,0.0127742917,0.0062603056,0.0047598933,0.0016819520
2023-08-04,-0.0089966192,-0.0183093151,-0.0297542871,0.0007407105,0.0183722000,0.0179011900
2023-08-07,-0.0004323279,-0.0078911464,0.0063333428,0.0050324936,-0.0026659641,-0.0067262906
2023-08-08,-0.0029409564,-0.0021695823,0.0009935674,-0.0064801307,0.0228843141,0.0186294516
2023-08-09,-0.0049449094,-0.0036229049,0.0079416381,-0.0090423736,-0.0069346115,-0.0008951322
2023-08-10,-0.0016564500,0.0032724104,0.0055813887,-0.0118176145,-0.0038319711,-0.0012797303
2023-08-11,-0.0022705627,0.0018126063,-0.0022855087,-0.0083256454,-0.0031618214,-0.0040376736
2023-08-14,-0.0082275925,-0.0144721321,0.0026179236,-0.0265998421,0.0043528607,0.0023892153
2023-08-15,-0.0082957800,-0.0055064795,0.0071801264,-0.0098546240,0.0022248540,0.0009525437
2023-08-16,-0.0044495861,-0.0007382422,0.0220348165,-0.0039158956,-0.0118792373,-0.0074417543
2023-08-17,-0.0045588819,-0.0118212104,-0.0031703233,0.0140868090,-0.0702894195,-0.0661667582
2023-08-18,0.0030531280,0.0078506316,0.0025443630,-0.0111450717,-0.0252973256,-0.0164903968
2023-08-21,-0.0081467865,-0.0040796558,-0.0069795721,0.0013066821,0.0011296918,0.0020723577
2023-08-22,0.0146222830,0.0156418561,0.0152336097,0.0208808537,-0.0011728134,-0.0176904181
2023-08-23,0.0168134448,0.0124680830,0.0532506119,0.0073504995,0.0068812792,0.0191875669
2023-08-24,-0.0087489062,-0.0115903054,-0.0015509988,-0.0133246907,-0.0266270156,-0.0279285388
2023-08-25,-0.0101500573,-0.0157564396,-0.0068344774,-0.0020901247,0.0007832860,0.0009457335
2023-08-28,0.0120374361,0.0338794318,0.0112607491,0.0143386354,0.0002120701,-0.0023169742
2023-08-29,0.0098678656,0.0158444167,0.0021651044,0.0319250375,0.0625817126,0.0472324957
2023-08-30,-0.0062816367,-0.0191420452,0.0067901794,0.0001539655,-0.0198163429,-0.0185389705
2023-08-31,-0.0139596483,-0.0086737053,-0.0208460769,0.0015389559,-0.0427691933,-0.0274984822
2023-09-01,0.0154928816,0.0086694757,0.0216030549,0.0585433248,0.0082691195,0.0028189906
2023-09-04,0.0007890954,-0.0090417072,-0.0104199756,0.0074031051,0.0049970797,0.0052599361
2023-09-05,-0.0045557793,-0.0149635690,0.0334468306,-0.0043228251,-0.0093045063,-0.0056391439
2023-09-06,-0.0120577602,-0.0096331114,0.0044951749,-0.0160636483,0.0051349431,0.0053306658
2023-09-08,-0.0052560921,0.0014964324,-0.0035802702,-0.0188263182,0.0078221844,0.0042775398
2023-09-11,0.0162994773,0.0254013400,-0.0008980037,0.0143906619,-0.0273341715,-0.0503311082
2023-09-12,0.0065209538,0.0058291279,0.0047946636,-0.0007388160,0.0156109155,0.0152501565
2023-09-13,0.0021011895,0.0050706796,-0.0149120733,-0.0038451865,0.0188321768,0.0132940166
2023-09-14,0.0098724206,-0.0039642240,0.0254313386,0.0409739575,0.0054885178,0.0054253775
2023-09-15,-0.0057963335,-0.0021709460,0.0005907297,-0.0082715615,-0.0070268704,-0.0006747868
2023-09-18,-0.0023494313,-0.0025381483,0.0070817703,-0.0117917340,0.0052236518,-0.0028610674
2023-09-19,-0.0047972355,-0.0029621297,0.0023439062,0.0018916730,0.0142959074,0.0010421457
2023-09-20,0.0081507477,0.0169365702,0.0023386774,0.0066812532,-0.0004216016,-0.0101052100
2023-09-21,-0.0211249268,-0.0228096100,-0.0154565914,-0.0261145953,-0.0181849410,-0.0211664342
2023-09-22,0.0000888289,-0.0025934921,0.0079978090,0.0074075824,0.0119531244,0.0172200397
2023-09-25,-0.0003552164,0.0029720006,0.0064647673,-0.0205883652,-0.0107758178,-0.0033059506
2023-09-26,-0.0170560378,-0.0148149645,-0.0230658185,-0.0156156326,0.0038618445,0.0102019153
2023-09-27,0.0004518339,-0.0018796547,0.0316796714,0.0021354317,0.0087885427,0.0061688049
2023-09-28,0.0133694977,0.0263652342,-0.0020276639,0.0152207553,0.0368960165,0.0462945136
2023-09-29,0.0086468285,-0.0014678552,0.0055149011,0.0131934174,-0.0059210594,0.0072308235
2023-10-02,-0.0146708232,-0.0092801806,-0.0150113352,-0.0087303936,0.0250361477,-0.0006060130
2023-10-03,-0.0149789057,-0.0126205133,-0.0043961125,-0.0061202949,0.0000331065,-0.0004799376
2023-10-04,0.0032780970,0.0229321095,-0.0397409830,-0.0106638271,0.0344517260,0.0152541951
2023-10-05,-0.0039027074,0.0158032601,0.0033720596,0.0004553576,-0.0160280070,-0.0242809449
2023-10-06,0.0082916051,0.0094066143,0.0238312253,0.0145676182,0.0214134785,0.0233796154
2023-10-09,0.0097595714,-0.0086022016,0.0429723821,-0.0071792623,-0.0166743542,-0.0437032236
2023-10-10,0.0124395867,-0.0010845561,0.0074389686,0.0060259932,-0.0090107780,-0.0096800410
2023-10-11,0.0032705980,0.0126673185,-0.0025559318,0.0086850379,-0.0349870418,-0.0173115426
2023-10-13,-0.0126872462,-0.0103647539,0.0330295757,-0.0114311392,-0.0014166322,-0.0100446663
2023-10-16,0.0078529797,0.0014448678,0.0110254940,0.0106624528,0.0621721981,0.0316827456
2023-10-17,-0.0053126093,-0.0147855674,0.0269902120,0.0081723245,-0.0057289100,-0.0239806164
2023-10-18,-0.0175359948,-0.0208635155,0.0225642098,-0.0366986848,-0.0031156123,-0.0011190880
2023-10-19,0.0020838608,0.0115883950,-0.0046729771,-0.0143818058,0.0175823969,0.0060917394
2023-10-20,-0.0099457368,-0.0036954138,-0.0127801429,-0.0270102547,0.0349258794,0.0251158573
2023-10-23,-0.0013698769,0.0011128167,-0.0660501261,-0.0019145282,0.1076974530,0.0932886565
2023-10-24,0.0081389977,0.0000000000,0.0149927873,0.0228581118,0.0207720296,0.0069764547
2023-10-25,-0.0080732892,0.0018522977,0.0052955059,-0.0009376280,0.0134115713,-0.0025977307
2023-10-26,0.0187471704,0.0247784112,-0.0102579125,0.0214296818,-0.0092992945,0.0100587807
2023-10-27,-0.0139138513,-0.0147963370,-0.0072829296,0.0347626610,-0.0090953007,-0.0151571065
2023-10-30,-0.0081019518,-0.0080584589,-0.0101580241,0.0090275456,0.0106844521,0.0100916160
2023-10-31,0.0060573024,-0.0096011392,-0.0096919966,0.0120269463,0.0238817116,0.0225824598
2023-11-01,0.0176974527,0.0140898049,0.0109382255,0.0191304214,0.0197647391,0.0144446919
2023-11-03,0.0285945008,0.0275941412,0.0119591199,0.0125143069,-0.0357014879,-0.0237441493
2023-11-06,0.0005228545,0.0093089359,-0.0008441741,0.0042135405,-0.0021545565,0.0253405065
2023-11-07,0.0074906422,0.0280243662,-0.0166150099,-0.0198602135,0.0084752224,-0.0092284693
2023-11-08,-0.0012968058,0.0044855930,-0.0214777394,0.0007135514,0.0033780963,-0.0019468698
2023-11-09,-0.0029431817,0.0044657487,0.0207785763,0.0048480908,0.0370930693,0.1311014439
2023-11-10,0.0158881909,0.0119703078,-0.0045872611,0.0153257230,0.0220155807,-0.0150229725
2023-11-13,-0.0016238137,-0.0067593963,0.0279375874,-0.0020964645,-0.0297849954,-0.0192002598
2023-11-14,0.0238829047,0.0149710054,0.0137296398,0.0309524233,-0.0238780683,-0.0345588576
2023-11-16,0.0112866689,0.0160916017,-0.0174129519,0.0066566178,0.0079719442,-0.0183301166
2023-11-17,0.0020667990,0.0046186980,0.0326300582,0.0018891891,0.0124935223,0.0004710320
2023-11-20,0.0085801578,0.0098521150,0.0008172691,0.0245152354,0.0149921443,0.0219574970
2023-11-21,-0.0040081625,-0.0016260584,-0.0103428647,0.0241915210,-0.0379088256,-0.0356335865
2023-11-22,0.0032030173,0.0061889975,0.0048941664,-0.0095058014,0.0554254803,0.0761820278
2023-11-23,0.0055669283,-0.0012945999,0.0002845448,-0.0062793262,-0.0025520838,0.0001913522
2023-11-24,-0.0095253452,-0.0055108516,0.0028433006,-0.0084700229,0.0109304857,0.0085678696
2023-11-27,0.0023014859,-0.0026074527,-0.0056705569,-0.0059660263,-0.0126794845,-0.0261376990
2023-11-28,0.0063965783,0.0098038199,0.0151127874,0.0021825450,0.0143671578,0.0096984770
2023-11-29,-0.0036669212,0.0067961169,-0.0103933667,-0.0002723395,-0.0045291036,-0.0146708496
2023-11-30,0.0106322327,0.0154292604,0.0193017203,0.0054458968,0.0031665047,0.0182685609
2023-12-01,0.0044509432,-0.0022912265,-0.0066834393,0.0185511886,0.0298545354,0.0207887070
2023-12-04,-0.0093458237,0.0012695082,-0.0213065096,-0.0224673675,0.0804570350,0.0702081537
2023-12-05,0.0004066611,0.0082434888,-0.0045830208,-0.0092480297,0.0588062883,0.0311085420
2023-12-06,-0.0104869595,-0.0088048553,-0.0359712586,-0.0065886465,-0.0106734492,-0.0301385334
2023-12-07,0.0046828762,0.0111032135,-0.0023882479,0.0031778994,-0.0156950098,0.0507422871
2023-12-08,0.0083408017,0.0126501754,0.0320168940,0.0027548953,0.0220393072,0.0023055858
2023-12-11,-0.0016219038,-0.0068706182,-0.0037692549,0.0008241381,-0.0693737239,-0.0601046455
2023-12-12,-0.0041426540,-0.0050312589,-0.0081488076,0.0017841621,0.0139206371,-0.0013504165
2023-12-13,0.0287112913,0.0303413927,0.0143777155,0.0001370652,0.0405800127,0.0323977173
2023-12-14,0.0060259633,0.0082818978,0.0216951521,0.0054795334,-0.0062085274,0.0152251711
2023-12-15,-0.0047288658,-0.0042590444,0.0022650276,0.0062668087,-0.0261856207,-0.0427165820
2023-12-18,0.0078397044,0.0048885452,0.0124293813,0.0047388725,0.0175923436,0.0000980946
2023-12-19,0.0061287533,0.0006079013,0.0114395819,0.0070070823,-0.0130711768,-0.0225132437
2023-12-20,-0.0096056488,-0.0103309848,0.0035863280,-0.0032116094,0.0264863256,0.0049664721
2023-12-21,0.0120643937,0.0067546767,0.0002750026,0.0332931655,0.0149018808,0.0271430160
2023-12-22,0.0045967769,0.0158583912,0.0096179572,-0.0075354363,-0.0037586581,0.0319062247
2023-12-26,0.0055063707,0.0102070864,0.0160589367,0.0035344592,-0.0359678653,-0.0432277834
2023-12-27,0.0062476888,0.0068350515,0.0008034932,0.0096530146,0.0098941401,0.0536871503
2023-12-28,-0.0005366190,0.0026566528,-0.0032118371,-0.0025839238,-0.0161917578,-0.0105218632
2024-01-02,-0.0125009962,-0.0127343721,0.0145002842,-0.0019431047,0.0604091583,0.0089916332
2024-01-03,0.0017863544,-0.0110378936,0.0312334493,-0.0051913857,-0.0331595452,-0.0480239788
2024-01-04,-0.0127142178,-0.0066365332,-0.0084700685,-0.0134377851,0.0303893116,0.0256720957
2024-01-05,0.0070671499,0.0233827222,0.0023297909,-0.0128271576,-0.0051856844,-0.0049689843
2024-01-08,0.0024951838,-0.0106825257,-0.0074896786,-0.0050905136,0.0559896557,0.0210425463
2024-01-09,-0.0076223919,-0.0005997073,-0.0085870967,-0.0126564021,-0.0160031340,0.0067783932
2024-01-10,-0.0050943954,-0.0009001813,-0.0091862133,-0.0150007880,0.0180702439,0.1093559029
2024-01-11,-0.0010241443,0.0018023077,0.0084766818,0.0052610670,-0.0083362214,0.0116955010
2024-01-12,0.0033120874,0.0011993768,0.0026267837,-0.0126705184,-0.0799146459,-0.0406006712
2024-01-15,0.0046372422,0.0017968296,0.0107414959,-0.0019528309,-0.0113844749,-0.0086198083
2024-01-16,-0.0182287736,-0.0140507096,-0.0124417981,-0.0129979189,0.0170699141,0.0323673783
2024-01-17,-0.0076500048,0.0006064163,-0.0057741704,-0.0179835756,0.0032184705,-0.0103247666
2024-01-18,-0.0077892976,-0.0042424228,-0.0039600846,-0.0050469126,-0.0328559858,-0.0224619726
2024-01-19,0.0022660957,0.0024344415,-0.0053006899,-0.0130433744,0.0070211951,0.0074963324
2024-01-22,-0.0092054217,-0.0163936138,0.0045297992,-0.0044052271,-0.0548586552,-0.0758136147
2024-01-23,0.0150774747,0.0046301212,0.0124667695,0.0206488076,0.0257628696,-0.0138138185
2024-01-24,-0.0046567789,-0.0046087819,-0.0075975267,0.0101157054,-0.0014684453,-0.0103934098
2024-01-25,0.0039525519,-0.0021602034,0.0369584755,-0.0246066335,-0.0075385723,-0.0110467967
2024-01-26,0.0049815423,0.0148469339,0.0173118150,0.0193605555,0.0436092788,0.0188543678
2024-01-29,-0.0026383261,-0.0051812457,0.0152653522,-0.0047482632,0.0347228469,0.0215364669
2024-01-30,-0.0094589203,-0.0064340263,-0.0061622222,-0.0056382351,-0.0003625473,0.0193749311
2024-01-31,0.0030751578,0.0107922659,0.0109127690,-0.0148299189,-0.0085941814,-0.0264035886
2024-02-01,0.0065349351,-0.0022083720,0.0198724523,-0.0045749760,0.0119083546,0.0096492319
2024-02-02,-0.0115421803,0.0015298993,-0.0129903107,-0.0203112757,-0.0049151032,-0.0056364595
2024-02-05,0.0043788592,0.0189372597,0.0043871607,-0.0086259533,-0.0086023822,-0.0003288419
2024-02-06,0.0243823400,0.0428655313,0.0092210671,0.0177072245,0.0134679928,0.0354477812
2024-02-07,-0.0065415686,-0.0071861320,0.0146669361,0.0019500315,0.0311986660,0.0242785882
2024-02-08,-0.0122173810,-0.0196873784,-0.0080569003,-0.0088324383,0.0236301783,-0.0001753609
2024-02-09,-0.0030520029,0.0126992470,-0.0133779892,-0.0043800955,0.0454742855,0.0326137606
2024-02-14,-0.0072504142,0.0000000000,-0.0075058831,-0.0030338420,0.0904666631,0.1078116584
2024-02-15,0.0067353256,0.0084574159,0.0319589053,-0.0031954493,0.0054569830,0.0200774261
2024-02-16,0.0066097027,-0.0011567141,0.0092199715,0.0380095020,0.0050963315,-0.0065053672
2024-02-19,0.0020820159,0.0110017428,0.0049190452,-0.0075000845,-0.0087629966,0.0483511145
2024-02-20,0.0083906270,0.0217641202,-0.0104894909,-0.0219291066,0.0079977456,0.0219626381
2024-02-21,-0.0000792625,-0.0056052647,0.0014136205,0.0075746306,-0.0145254949,-0.0202843432
2024-02-22,0.0009510441,-0.0056727441,-0.0075279722,0.0106750351,-0.0085975411,0.0019451535
2024-02-23,-0.0054632021,0.0029276992,-0.0068734141,0.0023803515,-0.0056586191,-0.0111302082
2024-02-26,0.0012737523,0.0029186973,0.0188544215,-0.0241911971,0.0814507448,0.0948977491
2024-02-27,0.0164586129,0.0122234141,-0.0014056082,0.0263117620,0.0439463271,0.0176279455
2024-02-28,-0.0123591540,0.0005751915,-0.0516066659,-0.0109662851,0.0847093270,0.0337690302
2024-02-29,-0.0079993832,-0.0247125154,-0.0071730363,0.0037459990,-0.0139731808,-0.0059479741
2024-03-01,-0.0000798574,0.0043522739,0.0009964873,-0.0016421057,0.0208122585,0.0283858260
2024-03-04,-0.0059086384,-0.0076313309,-0.0024887727,-0.0022427929,0.0905607915,0.0532417996
2024-03-05,-0.0008032006,-0.0008871558,-0.0029940753,-0.0131875222,-0.0677545517,-0.0223301191
2024-03-06,0.0060289388,0.0109533554,0.0220220963,0.0136674637,0.0386936581,0.0769865264
2024-03-07,-0.0038354243,-0.0105416259,-0.0110185200,-0.0034458258,0.0096271574,0.0116699748
2024-03-08,-0.0113098264,0.0091740579,-0.0913594043,-0.0076667359,0.0185163326,0.0025805487
2024-03-11,-0.0076261758,0.0049854021,-0.0286102256,-0.0310558751,0.0653471306,0.0540676090
2024-03-12,0.0121811467,0.0040852720,0.0328190089,-0.0062307247,-0.0089378191,-0.0212185278
2024-03-13,0.0045231015,0.0098808247,-0.0119501043,0.0064103259,0.0206273533,0.0048190247
2024-03-14,-0.0044223128,-0.0005753138,-0.0043979113,-0.0127388390,-0.0229835559,-0.0306819045
2024-03-15,-0.0076724031,-0.0054712093,0.0027607983,-0.0114145325,-0.0233148550,-0.0335439444
2024-03-18,0.0014649654,0.0040533380,0.0005505327,0.0190764413,-0.0315360545,-0.0628092062
2024-03-19,0.0073140502,0.0014421247,-0.0074295880,0.0082101204,-0.0721144638,-0.0913511669
2024-03-20,0.0121016542,0.0020151690,0.0174659271,0.0066774668,0.0970559816,0.1128047353
2024-03-21,-0.0086089616,-0.0103448791,-0.0272479560,-0.0024267142,-0.0478986265,-0.0184171894
2024-03-22,-0.0093270374,-0.0139830662,0.0098039292,-0.0115147707,-0.0245227909,-0.0440113997
2024-03-25,-0.0001622972,0.0000000000,0.0152565340,-0.0021329443,0.1027194818,0.0828669566
2024-03-26,0.0004058399,0.0198696646,-0.0092895754,-0.0126603213,-0.0053264585,-0.0066745099
2024-03-27,0.0065725836,0.0055244874,0.0079978806,0.0091590762,-0.0069097983,-0.0236726869
2024-03-28,0.0022571445,0.0017350136,0.0221613796,0.0037954010,0.0215562599,0.0204646615
2024-04-01,-0.0083648428,-0.0341497931,0.0077623226,0.0064113032,-0.0102191535,-0.0112823984
2024-04-02,0.0036499063,0.0011961156,0.0257634649,0.0117607739,-0.0534812244,-0.0574560151
2024-04-03,-0.0016162676,-0.0074667913,-0.0051786070,-0.0143686796,0.0103114247,0.0125973170
2024-04-04,0.0011332312,-0.0132411148,-0.0114524437,-0.0111384246,0.0330250222,0.0004934338
2024-04-05,-0.0063065878,-0.0018298964,0.0031596979,-0.0109326478,-0.0061026306,0.0003688561
2024-04-08,0.0181447982,0.0149705784,0.0139108318,0.0545973475,0.0554015252,0.1128634238
2024-04-09,0.0062335685,0.0105362571,0.0025887760,-0.0066699091,-0.0407133405,-0.0572689342
2024-04-10,-0.0139782550,-0.0211499060,0.0222047009,-0.0151877845,0.0176433317,0.0077245942
2024-04-11,-0.0034635546,-0.0018259985,-0.0073250225,0.0042207997,0.0041450460,0.0007138969
2024-04-12,-0.0129324156,-0.0103659126,-0.0091601477,-0.0037181689,-0.0363079642,-0.0703862999
2024-04-15,-0.0046675375,-0.0169437642,0.0095019683,0.0058413804,-0.0511486943,-0.0385954638
2024-04-16,-0.0057589845,-0.0075212808,0.0045789072,-0.0088724389,0.0191747159,0.0075673275
2024-04-17,-0.0025651433,0.0006316455,0.0073433590,0.0109049867,-0.0208705878,-0.0134775383
2024-04-18,-0.0004977398,0.0012620050,0.0017597214,0.0037030535,0.0261175358,0.0169575826
2024-04-19,0.0086320821,-0.0056725150,0.0170639815,0.0163619438,0.0069568089,-0.0004659658
2024-04-22,0.0023042003,-0.0006341295,0.0239330272,-0.0004734843,0.0398073460,0.0394504638
2024-04-23,-0.0032019654,0.0149066309,-0.0019278627,-0.0086847069,-0.0141686978,-0.0021204277
2024-04-24,-0.0036241037,-0.0043751140,-0.0045869916,0.0124243258,-0.0386760454,-0.0315231353
2024-04-25,-0.0004959706,-0.0056498538,0.0240117285,-0.0210823710,0.0061194232,0.0082594990
2024-04-26,0.0158795642,0.0167297380,0.0141226622,0.0000000000,-0.0087478337,-0.0058215561
2024-04-29,0.0076528112,-0.0077614376,0.0120048295,0.0270009341,-0.0070204187,0.0186569696
2024-04-30,-0.0112305036,-0.0187732215,-0.0030842620,-0.0095461313,-0.0499127162,-0.0629025657
2024-05-02,0.0079261419,0.0146014435,0.0038077194,0.0099540946,-0.0102103079,0.0069982114
2024-05-03,0.0129712079,0.0125784802,-0.0127209698,0.0010951662,0.0464821854,0.0217945325
2024-05-06,-0.0019207513,0.0062110737,0.0067686429,0.0029691865,-0.0034164739,-0.0207590823
2024-05-07,0.0055328558,0.0206792889,0.0122013570,0.0062325128,-0.0123169077,-0.0175594617
2024-05-08,0.0027910564,0.0063498771,0.0152520933,-0.0091359693,-0.0187081542,-0.0112611790
2024-05-09,-0.0097813388,-0.0300477981,0.0096920842,0.0081263092,0.0333965945,0.0239101335
2024-05-10,-0.0040956836,0.0114619994,-0.0021597954,-0.0034104401,-0.0257749543,-0.0316123066
2024-05-13,0.0044350892,0.0122510970,0.0009620074,0.0059107352,0.0311559612,0.0101400373
2024-05-14,0.0020070649,0.0108929630,-0.0180202263,-0.0006185003,-0.0155311937,-0.0172247425
2024-05-15,-0.0046470172,-0.0026938577,-0.0604354157,-0.0029397124,0.0710817096,0.0487105242
2024-05-16,0.0025758648,-0.0030015353,-0.0291667263,0.0072935500,-0.0145187969,-0.0291710690
2024-05-17,-0.0014452051,0.0003013055,-0.0158262692,0.0195655785,0.0269039098,0.0495644776
2024-05-20,-0.0020101310,-0.0030093544,0.0016353693,-0.0004533788,0.0600393156,0.1779938026
2024-05-21,-0.0033838687,-0.0051312045,-0.0019048976,-0.0028721634,-0.0181466891,0.0344647740
2024-05-22,-0.0131770194,-0.0154735561,0.0136315359,-0.0078836037,-0.0108294874,-0.0101144301
2024-05-23,-0.0079462704,-0.0089366172,-0.0099513940,-0.0059596511,-0.0116533294,0.0163870105
2024-05-24,-0.0037985061,-0.0096395132,-0.0054334119,0.0004612545,0.0072149517,-0.0147689164
2024-05-27,0.0019065265,-0.0034536057,0.0109259790,0.0033804270,0.0179305369,0.0497130620
2024-05-28,-0.0057086326,-0.0053560798,0.0213453588,-0.0215928375,-0.0154656686,-0.0129339380
2024-05-29,-0.0088200828,-0.0069684726,-0.0013225728,-0.0101735325,-0.0125046220,-0.0220368780
2024-05-31,-0.0038616443,-0.0102075217,0.0275497855,-0.0006325593,0.0066121120,0.0070559039
2024-06-03,-0.0018540470,0.0141122604,-0.0054138853,-0.0210444025,0.0277493766,0.0098372898
2024-06-04,-0.0023640558,0.0034974254,-0.0111455958,-0.0101825556,0.0265226023,0.0131348087
2024-06-05,-0.0022004242,-0.0019009414,0.0013103711,-0.0142064610,0.0147253896,0.0210453534
2024-06-06,0.0127226461,0.0126982514,0.0047121756,0.0139141043,-0.0021906414,-0.0112571585
2024-06-07,-0.0190117608,-0.0141064364,-0.0375195260,-0.0130695451,-0.0279978291,-0.0427714780
2024-06-10,0.0018782654,-0.0079490145,0.0151598206,0.0109251769,0.0049911136,-0.0007085757
2024-06-11,0.0055389990,0.0112176915,0.0042664198,-0.0014736412,-0.0162285324,-0.0310141446
2024-06-12,-0.0130508552,-0.0015846334,-0.0217592231,-0.0137749932,0.0157936451,0.0198191015
2024-06-13,-0.0024042485,-0.0104762763,-0.0100503702,0.0114732164,-0.0151754614,-0.0188199866
2024-06-14,0.0003443012,-0.0009624042,-0.0219965016,-0.0034523165,-0.0183780622,-0.0041500631
2024-06-17,-0.0041301269,0.0244057733,0.0037487553,-0.0039590088,0.0064328672,0.0081101319
2024-06-18,0.0032832633,-0.0006269473,0.0313129014,0.0046371895,-0.0080809108,0.0044828476
2024-06-19,0.0055115344,0.0078419603,0.0008355478,0.0031323368,0.0001531769,0.0247152430
2024-06-20,0.0030832529,-0.0068471331,0.0158640400,0.0090385840,-0.0052369160,-0.0167321440
2024-06-21,0.0076843739,0.0069805874,0.0052053196,-0.0092833776,-0.0058282184,0.0069613672
2024-06-24,0.0089815728,0.0144292983,0.0100848024,0.0011507976,-0.0641106958,-0.0517519181
2024-06-25,-0.0015115914,0.0030919556,-0.0008096655,-0.0041050602,0.0183778565,0.0064864464
2024-06-26,0.0020184850,-0.0018496441,0.0016205077,0.0123659436,-0.0048628132,0.0037809615
2024-06-27,0.0139332187,0.0018530716,0.0167159676,0.0026059864,0.0263935045,0.0358217101
2024-06-28,-0.0034768691,-0.0009244674,0.0090162453,0.0107211592,-0.0247539114,-0.0245599167
2024-07-01,0.0058149576,-0.0047034482,0.0152430892,0.0147862507,0.0592875087,0.0367177676
2024-07-02,0.0020647505,0.0130271515,-0.0031064520,-0.0033260121,-0.0019572107,0.0042333439
2024-07-03,0.0066759874,0.0061238220,-0.0173982254,0.0198633438,-0.0263902264,-0.0326374107
2024-07-04,0.0039299440,0.0015215012,-0.0137418675,-0.0049858511,-0.0731534774,-0.0920253839
2024-07-05,0.0006523748,0.0006078001,0.0053588881,-0.0040715710,-0.0178858064,-0.0359976810
2024-07-08,0.0019560350,-0.0018219048,0.0245201833,-0.0078615055,-0.0020021759,0.0096657726
2024-07-09,0.0048804170,0.0069970396,-0.0002599386,-0.0012679255,0.0228319860,0.0148414850
2024-07-10,-0.0003237892,0.0105742115,-0.0093676610,-0.0134878165,-0.0142965979,0.0025978357
2024-07-11,0.0086639651,0.0059788868,0.0068295534,-0.0025735610,-0.0073254086,-0.0010513345
2024-07-12,0.0050573754,-0.0056462871,-0.0046960500,0.0146750869,0.0140151896,0.0152611393
2024-07-15,0.0041533889,0.0038853025,0.0091742365,0.0011125718,0.1172612627,0.1102816360
2024-07-16,-0.0027839522,0.0059541958,-0.0025973535,-0.0104778418,0.0079405136,-0.0088260719
2024-07-17,0.0035893510,0.0109497232,0.0052081041,-0.0093052750,-0.0190979493,-0.0199678301
2024-07-18,-0.0143061759,-0.0046838006,-0.0018133921,-0.0093928268,0.0094045604,0.0228852876
2024-07-19,-0.0001612372,0.0076469648,0.0041525564,-0.0008173427,0.0533148094,0.0335443690
2024-07-22,0.0020967914,-0.0005833280,-0.0199018188,-0.0011453373,0.0090370303,-0.0225838199
2024-07-23,-0.0105424526,-0.0014604026,-0.0129216397,-0.0134315738,-0.0157216972,0.0212190133
2024-07-24,-0.0007319751,-0.0014624637,0.0080148089,0.0061430856,-0.0058277577,-0.0393201361
2024-07-25,-0.0036626807,-0.0043936673,-0.0013251472,-0.0004951256,0.0185010845,-0.0368947465
2024-07-26,0.0128257467,0.0073552700,-0.0010617241,0.0148589795,0.0305379685,0.0300651860
2024-07-29,-0.0041942592,0.0073012665,-0.0201911336,0.0017895140,-0.0196141003,0.0099717753
2024-07-30,-0.0060748421,-0.0037693465,-0.0062363041,-0.0220851927,-0.0107318307,-0.0140745532
2024-07-31,0.0108385775,-0.0139697597,0.0207366044,0.0234141235,-0.0244844533,-0.0150453717
2024-08-01,-0.0024185992,-0.0145397324,-0.0152367011,-0.0223916693,0.0196261464,-0.0011667342
2024-08-02,-0.0109907923,-0.0125859660,-0.0301302636,-0.0139418940,-0.0447057259,-0.0518279439
2024-08-05,-0.0049844797,0.0000000000,-0.0008396639,-0.0051677846,-0.1245297511,-0.1938548108
2024-08-06,0.0079658475,0.0221544409,0.0173670273,0.0050859334,0.0367856359,0.0161456976
2024-08-07,0.0105915193,0.0026722396,-0.0013767295,-0.0019193557,-0.0291949275,-0.0605378749
2024-08-08,0.0101580307,-0.0035533644,0.0159913049,-0.0061189414,0.1175361911,0.1444055143
2024-08-09,0.0146049015,0.0270432034,-0.0092267325,0.0036938735,-0.0291523442,-0.0466317833
2024-08-12,0.0040903350,0.0014466441,0.0227335989,-0.0050823685,-0.0320554616,0.0404993536
2024-08-13,0.0088523090,0.0283158043,-0.0061596792,-0.0044036656,0.0184745071,-0.0102152005
2024-08-14,0.0069886155,0.0247260412,0.0175155360,-0.0092002972,-0.0372790259,-0.0215668827
2024-08-15,0.0062462435,0.0159034328,0.0153602911,0.0041071585,-0.0176702618,-0.0325240294
2024-08-16,-0.0015327780,-0.0083672871,0.0041730687,-0.0026675733,0.0261693126,0.0119394737
2024-08-19,0.0129710840,0.0059882154,-0.0015586336,0.0160484094,0.0076719555,0.0144920703
2024-08-20,0.0034854276,0.0073052071,-0.0039020144,0.0038611007,-0.0199903194,-0.0360586286
2024-08-21,0.0022651997,-0.0040291681,-0.0060067883,0.0192306232,0.0505463000,0.0363687857
2024-08-22,-0.0088142091,-0.0091694059,0.0030588746,0.0013722681,-0.0121744761,-0.0024083117
2024-08-23,0.0031161236,-0.0076210997,-0.0061961916,-0.0167866149,0.0824702833,0.0747837678
2024-08-26,0.0093196774,0.0021941791,0.0726486935,0.0113240992,-0.0374486537,-0.0483652185
2024-08-27,-0.0015014803,0.0010945478,-0.0133941442,0.0301463391,-0.0519205615,-0.0813016363
2024-08-28,0.0045861261,0.0215965467,0.0143441790,-0.0071905234,-0.0058057739,0.0306264240
2024-08-29,-0.0108516465,-0.0109710978,-0.0068181505,-0.0011790282,0.0160269904,0.0100091897
2024-08-30,0.0032534459,-0.0070347488,0.0010170605,0.0047217551,0.0071980746,0.0105872915
2024-09-02,-0.0113122167,-0.0079698387,-0.0093981425,-0.0140986948,-0.0034052338,0.0015921511
2024-09-03,-0.0035850587,0.0162131532,-0.0120511904,-0.0372829662,-0.0274231353,-0.0453226767
2024-09-04,0.0133966159,0.0070309472,0.0002594970,0.0077807614,0.0152360471,0.0175593906
2024-09-05,0.0038525041,0.0064449240,-0.0062272608,0.0071941315,-0.0321837736,-0.0341143794
2024-09-06,-0.0145232349,-0.0141412157,-0.0195821409,-0.0125435143,-0.0520669172,-0.0731611390
2024-09-09,0.0006107710,0.0097428810,0.0109187354,0.0000000000,0.0624445972,0.0660706277
2024-09-10,-0.0031287273,0.0000000000,-0.0165963609,-0.0119971475,0.0088123734,0.0109592256
2024-09-11,0.0044400353,0.0018763256,-0.0010715506,0.0283928919,0.0087005483,-0.0070329701
2024-09-12,-0.0068593027,-0.0109684862,-0.0112629910,0.0090292813,0.0144747719,0.0101788640
2024-09-13,0.0069066777,0.0010818492,-0.0046107922,0.0067114585,0.0343835744,0.0261922834
2024-09-16,0.0012956189,-0.0002698941,0.0138963172,0.0000000000,-0.0415490325,-0.0621566467
2024-09-17,-0.0003805986,-0.0024326005,-0.0045686625,-0.0047862497,0.0163328838,0.0005080054
2024-09-18,-0.0097464308,-0.0056893559,-0.0240280291,-0.0116799586,0.0181147685,0.0078843671
2024-09-19,-0.0052288191,-0.0027247985,0.0033194489,0.0119917039,0.0170820318,0.0361711419
2024-09-20,-0.0134497792,-0.0109292522,-0.0002757336,-0.0151125555,-0.0028088157,0.0320198236
2024-09-23,-0.0049361221,-0.0058446641,0.0102042834,0.0031386516,0.0187388564,0.0512580962
2024-09-24,0.0132282888,-0.0002798962,0.0040948215,0.0488441734,0.0194943464,0.0062829003
2024-09-25,-0.0059060814,0.0126016912,0.0073410446,0.0044745733,-0.0333470014,-0.0434086446
2024-09-26,0.0110225429,0.0127210749,-0.0215923814,0.0600560423,0.0368389346,0.0249872011
2024-09-27,-0.0022423919,0.0038230018,-0.0038621301,-0.0045135482,0.0025119070,0.0172587239
2024-09-30,-0.0047272213,-0.0176823236,-0.0027694179,-0.0070357470,-0.0380287042,-0.0350582894
2024-10-01,0.0033481894,-0.0164117880,0.0266594458,0.0048811860,-0.0366522850,-0.0565661613
2024-10-02,0.0076827991,0.0061967693,0.0137947630,0.0054842288,-0.0078385053,-0.0385170563
2024-10-03,-0.0140162283,-0.0246358413,0.0122732230,-0.0191679532,0.0050997379,-0.0035425021
2024-10-04,0.0013277995,0.0020092328,-0.0026359022,-0.0073085051,0.0282884556,0.0344634691
2024-10-07,0.0019500780,0.0065884752,0.0140065137,0.0088028227,-0.0013024304,-0.0011290208
2024-10-08,-0.0040482418,0.0059758770,-0.0200677645,-0.0303030540,0.0056209291,0.0148206350
2024-10-09,-0.0123505185,-0.0183876553,-0.0101064057,-0.0026177602,-0.0177572863,-0.0221735452
2024-10-10,0.0035615717,0.0054754691,0.0115530669,0.0047572169,0.0059598741,0.0177428554
2024-10-11,-0.0026025380,-0.0074517877,-0.0007968809,0.0143672684,0.0333458558,0.0194583026
2024-10-14,0.0081442142,0.0063529621,0.0023922901,-0.0032189346,0.0631434685,0.0845462304
2024-10-15,-0.0007843018,0.0114775053,-0.0082205595,-0.0122719443,0.0121883535,-0.0115117560
2024-10-16,0.0052590721,-0.0059573744,-0.0050802576,0.0191270894,0.0188554289,0.0122111788
2024-10-17,-0.0059343306,0.0019976925,-0.0075249136,-0.0253449870,-0.0003265706,0.0002082782
2024-10-18,-0.0024349820,0.0048419281,-0.0027076615,-0.0034561672,0.0122166634,0.0114154000
2024-10-21,-0.0019685039,-0.0051019888,-0.0157479882,-0.0036333778,-0.0181304377,0.0063070867
2024-10-22,-0.0019723866,0.0017096487,-0.0038621301,0.0013260936,0.0091654643,-0.0079702216
2024-10-23,-0.0054545648,0.0062569087,-0.0124621103,-0.0175468587,-0.0135863201,-0.0421988068
2024-10-24,0.0062793175,0.0090446285,0.0067304652,0.0058972787,0.0255194626,0.0096258882
2024-10-25,-0.0019747236,-0.0112045166,0.0069637046,0.0340033421,-0.0261487701,-0.0426920059
2024-10-28,0.0117926227,0.0121813898,-0.0016597582,0.0186295864,0.0530378301,0.0571828298
2024-10-29,-0.0046151154,-0.0106353919,-0.0022167352,-0.0034988151,0.0446965856,0.0327143803
2024-10-30,-0.0001571445,-0.0028289527,-0.0044432523,-0.0030322615,0.0034370240,0.0161453686
2024-10-31,-0.0076239974,-0.0065247126,0.0016737156,-0.0065631194,-0.0289788529,-0.0528976499
2024-11-01,-0.0131475022,-0.0054952187,-0.0136453061,-0.0004834677,-0.0057814106,0.0031399859
2024-11-04,0.0204655143,0.0135019068,0.0022586669,0.0103176440,-0.0429079087,-0.0641666028
2024-11-05,0.0000000000,0.0300452094,-0.0030985822,-0.0087760630,0.0431994877,0.0308189646
2024-11-06,-0.0066850056,-0.0046779838,0.0002825899,-0.0112686238,0.0809686216,0.1145934643
2024-11-07,-0.0019002810,-0.0146529592,0.0031072663,0.0348421835,-0.0078504297,0.0508872056
2024-11-08,-0.0123750404,-0.0157125935,0.0188680995,-0.0460981552,0.0113185698,0.0259594348
2024-11-11,-0.0012048315,0.0011401051,0.0019348013,-0.0326571776,0.1680520842,0.1483440370
2024-11-12,-0.0012062849,-0.0119593091,0.0187584083,-0.0226768473,-0.0051221850,-0.0349066570
2024-11-13,0.0010467382,-0.0051872065,-0.0013537647,-0.0027913811,0.0285942111,-0.0177605899
2024-11-14,-0.0004826284,-0.0028968322,0.0105748164,-0.0055983111,-0.0271340884,-0.0322438658
2024-11-18,0.0011266357,-0.0034862684,0.0249529563,0.0124911651,0.0357131399,0.0466383197
2024-11-19,0.0037777797,0.0090380210,-0.0104712075,0.0022588700,0.0114092374,-0.0381417480
2024-11-21,-0.0102498303,-0.0173360838,0.0029100442,-0.0010402057,0.0712282829,0.0848120906
2024-11-22,0.0195792735,0.0029403458,0.0398312470,0.0097189290,0.0125625553,-0.0013082481
2024-11-25,-0.0027773249,-0.0002929648,-0.0060884302,-0.0001719546,-0.0619444509,0.0219876444
2024-11-26,0.0077982285,0.0190613547,-0.0012758973,-0.0127212122,-0.0123550708,-0.0258473837
2024-11-27,-0.0201342520,-0.0244603507,-0.0035778118,0.0121887155,0.0454688409,0.1017744435
2024-11-28,-0.0225624130,-0.0359885696,-0.0102590423,-0.0103217617,0.0186959142,0.0003585214
2024-11-29,0.0084088757,-0.0024477462,0.0080329082,0.0217278434,0.0320408839,0.0167558943
2024-12-02,-0.0035971423,-0.0141902711,0.0064269729,0.0023816489,-0.0230347458,0.0072468314
2024-12-03,0.0065638585,0.0112079561,0.0089397424,-0.0076373555,0.0154434582,0.0074606645
2024-12-04,0.0005705877,0.0061574115,-0.0063288541,-0.0194972549,0.0264885746,0.0585328557
2024-12-05,0.0143381029,0.0214200219,0.0099361611,0.0081981792,-0.0227166939,-0.0085997720
2024-12-06,-0.0164645652,-0.0203712701,-0.0153885224,-0.0171279146,0.0295627680,0.0461550196
2024-12-09,0.0106157363,0.0048930970,0.0258776849,0.0531595263,-0.0122450731,-0.0596283684
2024-12-10,0.0082417310,0.0135351541,0.0037462696,-0.0010027508,-0.0096792380,-0.0252336529
2024-12-11,0.0146658266,0.0096994126,0.0099525439,-0.0155597002,0.0411321429,0.0499047431
2024-12-12,-0.0307242664,-0.0249174040,-0.0178864135,-0.0275974646,-0.0263158688,-0.0024004507
2024-12-13,-0.0088820401,-0.0129307595,-0.0062598712,-0.0149886081,0.0215504799,0.0145809955
2024-12-16,-0.0115925024,-0.0109170038,-0.0041993924,-0.0005369062,0.0528553977,0.0271191026
2024-12-17,0.0114789323,0.0053609767,0.0094885250,0.0050151411,0.0186773825,-0.0080894394
2024-12-18,-0.0279605392,-0.0285445057,-0.0258483205,-0.0231688093,-0.0642237317,-0.0756246997
2024-12-19,-0.0018611979,0.0054893155,-0.0040205139,-0.0189746031,0.0041556472,-0.0267678266
2024-12-20,0.0090693309,0.0115605355,-0.0083422375,0.0158079800,-0.0191734979,-0.0061989938
2024-12-23,-0.0113398242,-0.0193651445,0.0002713292,0.0042109757,-0.0420139927,-0.0271250266
2024-12-26,0.0022090242,0.0064744100,0.0075174019,0.0029170097,0.0281110068,-0.0089508173
2024-12-27,-0.0059341892,-0.0099708208,-0.0030752288,-0.0049081116,-0.0224754520,-0.0062368689
2024-12-30,0.0000852337,-0.0016244276,0.0148625448,-0.0034710059,-0.0089268367,0.0156656519
2025-01-02,-0.0014496305,-0.0046348640,0.0160266070,-0.0054995436,0.0637553506,0.0459526316
2025-01-03,-0.0140905341,-0.0245341240,-0.0106065123,-0.0186174660,-0.0113510363,0.0198052671
2025-01-06,0.0140320727,0.0449366305,-0.0046728241,-0.0127722942,0.0454964043,0.0281308091
2025-01-07,0.0092252655,0.0109112870,0.0212647739,-0.0097032578,-0.0605204815,-0.0929092206
2025-01-08,-0.0125264777,-0.0161906316,-0.0081124345,-0.0096062077,-0.0217294934,-0.0186862907
2025-01-09,0.0012856907,0.0025814603,0.0043619526,-0.0062075734,-0.0261480752,-0.0313597854
2025-01-10,-0.0073617584,-0.0138394111,0.0027143804,0.0056607448,0.0120354882,0.0030927162
2025-01-13,0.0005173988,0.0071799217,0.0035192951,-0.0001940162,0.0098393670,-0.0290570634
2025-01-14,0.0037924707,0.0006481851,-0.0067439390,0.0066005011,0.0192548547,0.0260198990
2025-01-15,0.0267044533,0.0433938650,0.0127649155,0.0144648515,0.0345347351,0.0635902309
2025-01-16,-0.0103704764,-0.0031038930,-0.0064361397,0.0013308187,-0.0144217650,-0.0479545926
2025-01-17,0.0077748513,0.0071607449,0.0040486450,0.0345547935,0.0537323579,0.0566889883
2025-01-20,0.0046959963,0.0095827682,0.0024193917,-0.0036703724,-0.0207840039,-0.0539016022
2025-01-21,0.0040898548,0.0021435000,0.0002680715,-0.0049732850,0.0342426051,0.0089764075
2025-01-22,-0.0031588103,-0.0036667556,-0.0056301130,-0.0251759128,-0.0249943730,-0.0277029702
2025-01-23,-0.0050033229,-0.0021464030,-0.0070098806,-0.0064565272,-0.0103978695,0.0154517557
2025-01-24,0.0010894842,-0.0024585724,-0.0051588146,0.0135703728,0.0054991013,-0.0102679293
2025-01-27,0.0202595719,0.0240296206,0.0147378464,0.0175372577,-0.0285115162,-0.0418877996
2025-01-28,-0.0068926229,0.0018051734,-0.0013446880,-0.0242771986,-0.0101693154,-0.0347288000
2025-01-29,-0.0071056814,-0.0024025358,-0.0061946481,0.0028488772,0.0170564799,0.0053959411
2025-01-30,0.0314554285,0.0243827417,0.0132792977,0.0422349027,0.0100558329,0.0434030613
2025-01-31,-0.0076643564,-0.0064647480,0.0080235378,-0.0156279150,-0.0192776343,0.0186309698
2025-02-03,-0.0029268342,-0.0092433306,-0.0050411623,0.0007384274,-0.0154755935,-0.1304759754
2025-02-04,-0.0059523461,0.0035843151,-0.0098665973,-0.0035047780,-0.0405308442,-0.0574173924
2025-02-05,0.0037732677,0.0151786912,-0.0072717983,0.0053683811,-0.0211848522,0.0106590432
2025-02-06,0.0064558380,0.0017588732,-0.0018990046,0.0150984917,0.0077242806,-0.0279760372
2025-02-07,-0.0136407945,-0.0073163081,-0.0057080372,-0.0054416851,-0.0079665700,-0.0317472494
2025-02-10,0.0088080315,0.0109080511,0.0068342751,0.0103957642,0.0168936278,0.0223786380
2025-02-11,0.0073438913,0.0104987183,0.0000000000,-0.0043321154,-0.0201057527,-0.0246866619
2025-02-12,-0.0178209559,-0.0277057078,-0.0149335430,-0.0067077803,0.0183768235,0.0474592692
2025-02-13,0.0035463943,0.0053429962,0.0011025113,0.0012775437,-0.0129096343,-0.0223047785
2025-02-14,0.0262163251,0.0265721885,0.0308372507,0.0147648379,0.0095979581,0.0191977423
2025-02-17,0.0030431428,0.0020130195,0.0061428129,-0.0053889012,-0.0289890761,-0.0051884007
2025-02-18,0.0003992260,-0.0016726613,0.0183170670,0.0066824207,-0.0005343407,-0.0250646642
2025-02-19,-0.0102952984,-0.0093375027,0.0020853415,-0.0008971151,0.0073110779,0.0132089874
2025-02-20,0.0037093708,-0.0027363316,0.0015611334,0.0368110794,0.0232450657,0.0146869820
2025-02-21,-0.0042580443,-0.0030488402,-0.0028572257,0.0072738658,-0.0257049903,-0.0326833602
2025-02-24,-0.0116992460,-0.0055046077,-0.0070330720,-0.0091127781,-0.0440169148,-0.0499083320
2025-02-25,0.0027757692,0.0101477130,-0.0044595908,-0.0097171546,-0.0214111498,0.0000534091
2025-02-26,-0.0082227642,-0.0024352724,0.0000000000,-0.0061328346,-0.0556322123,-0.0710909332
2025-02-27,-0.0005746158,-0.0009155477,-0.0353097832,-0.0074047514,0.0149765144,-0.0005610767
2025-02-28,-0.0142915636,-0.0244349831,-0.0185740577,-0.0204262816,0.0024937311,-0.0230716075
2025-03-05,0.0003333132,0.0149628532,-0.0364596956,0.0079782009,0.0826728489,0.0098320658
2025-03-06,0.0029154391,0.0018521621,-0.0103986425,0.0109732034,-0.0318604457,-0.0419207232
2025-03-07,0.0128737160,0.0043128635,0.0107998225,0.0145908106,-0.0319357495,-0.0249518069
2025-03-10,-0.0053300034,0.0088955339,-0.0002887931,-0.0161840520,-0.0915293234,-0.1268869281
2025-03-11,-0.0061830172,-0.0088171011,-0.0150202758,0.0083347674,0.0679115744,0.0440225983
2025-03-12,0.0015760664,0.0030673876,0.0000000000,-0.0124908152,0.0027329871,-0.0131839940
2025-03-13,0.0146596348,0.0162080605,0.0099705850,0.0137649296,-0.0335201129,-0.0259179234
2025-03-14,0.0264468028,0.0325005859,0.0307782697,0.0328440675,0.0359276538,0.0250827840
2025-03-17,0.0159841124,0.0300204660,0.0185915170,0.0143897155,-0.0087286604,-0.0008936339
2025-03-18,0.0039135282,0.0053761406,0.0008296588,0.0073555404,-0.0268593758,-0.0080488771
2025-03-19,0.0104476193,0.0024769714,-0.0008289710,-0.0017385278,0.0488937953,0.0636686153
2025-03-20,-0.0057870368,-0.0092649878,0.0022124026,-0.0031347106,-0.0350376167,-0.0408387816
2025-03-21,0.0010088445,0.0021819930,0.0154524441,0.0036686253,0.0030885199,-0.0041758731
2025-03-24,-0.0061249288,0.0009332485,-0.0013586348,-0.0052217898,0.0513382809,0.0677028455
2025-03-25,0.0066307109,0.0080793309,0.0078911348,0.0033245058,0.0051327151,0.0007436647
2025-03-26,0.0015500017,-0.0107890950,0.0094493697,0.0061039112,-0.0172868908,-0.0388525823
2025-03-27,0.0041782209,0.0012466580,0.0074884661,0.0079737062,0.0093577489,0.0027383448
2025-03-28,-0.0083988006,-0.0136944744,-0.0063709165,-0.0101461779,-0.0314144992,-0.0524067677
2025-03-31,-0.0108011451,-0.0088353851,-0.0072135151,-0.0149409186,-0.0181834162,-0.0348455093
2025-04-01,0.0058129632,0.0002435604,0.0037675295,0.0086419022,0.0210447757,0.0341409446
2025-04-02,0.0067166562,0.0003186105,-0.0026809052,-0.0045462249,-0.0344136901,-0.0606487263
2025-04-03,-0.0062062671,0.0178284949,-0.0322581311,-0.0361848010,0.0043604343,0.0081876102
2025-04-04,-0.0309914806,-0.0259617202,-0.0402777251,-0.0399124824,0.0030200138,-0.0060096204
2025-04-07,-0.0112784494,0.0019266490,-0.0396528028,-0.0119590358,-0.0198143406,-0.1114102980
2025-04-08,-0.0137700839,0.0003204443,-0.0355635497,-0.0547550674,-0.0252734078,-0.0412395129
2025-04-09,0.0289986956,0.0182634381,0.0406249409,0.0538618107,0.1008778477,0.1518513367
2025-04-10,-0.0091529455,-0.0040906364,-0.0621621018,0.0179363186,-0.0670015915,-0.1168702698
2025-04-11,0.0106150030,0.0050553089,0.0198527691,0.0166729865,0.0593737553,0.0410257840
2025-04-14,0.0135503722,0.0163469778,-0.0037677185,0.0130451148,0.0101764754,0.0319541348
2025-04-15,-0.0016613140,0.0126818294,-0.0230066388,-0.0101177066,-0.0120185777,-0.0227059600
2025-04-16,-0.0072900015,-0.0015269900,0.0000000000,-0.0232298707,0.0095764807,-0.0014680274
2025-04-17,0.0099776502,0.0018352965,0.0197716065,0.0060883034,0.0069601011,-0.0004565978
2025-04-22,0.0063226354,0.0195419806,0.0022690810,0.0177760687,0.0897260580,0.0994067988
2025-04-23,0.0137438151,0.0209643624,-0.0113195771,0.0118914565,-0.0123046691,0.0067159752
2025-04-24,0.0178184306,0.0193604506,-0.0045795842,0.0156078436,-0.0002807806,-0.0174700075
2025-04-25,0.0008372706,-0.0037410193,0.0029576353,-0.0263968272,0.0039011579,0.0051221467
2025-04-28,0.0012167343,0.0106874361,-0.0039319328,0.0035284747,0.0037859105,0.0079019681
2025-04-29,0.0015951897,0.0080023747,0.0052631510,-0.0037009665,-0.0128595407,-0.0054149005
2025-04-30,-0.0017442418,0.0087894290,-0.0186516955,-0.0182020855,-0.0066370270,-0.0088041350
2025-05-02,0.0016713607,-0.0025967800,0.0273423990,-0.0011351236,0.0391411553,0.0377164094
2025-05-05,-0.0114524816,-0.0177615969,-0.0373254783,0.0030303553,-0.0240661169,-0.0142615222
2025-05-06,0.0003069552,-0.0051663562,0.0165204633,0.0007552395,0.0251805512,0.0008812727
2025-05-07,-0.0013038669,0.0109636222,0.0046434523,-0.0018867141,0.0070457872,0.0027337035
2025-05-08,0.0217340176,0.0079908270,0.0138658980,-0.0030245458,0.0699130456,0.2247675110
2025-05-09,0.0015033991,0.0540768761,0.0065125820,0.0039817290,-0.0170315608,0.0476335294
2025-05-12,0.0011257422,-0.0201448435,0.0239404670,0.0251180088,-0.0038966349,0.0618125622
2025-05-13,0.0166429360,0.0123352106,0.0151659262,0.0163964745,0.0170720138,0.0777044653
2025-05-14,-0.0022122487,0.0067696930,-0.0068472167,-0.0048939467,-0.0182057094,-0.0380513066
2025-05-15,0.0056168042,0.0134481116,-0.0012535066,0.0100181877,0.0084283895,-0.0179386558
2025-05-16,0.0002939170,0.0058386411,0.0047065493,0.0007214023,0.0054673345,0.0037692688
2025-05-19,0.0022775517,0.0118731634,-0.0012492004,-0.0027031544,0.0163910919,-0.0067829354
2025-05-20,0.0030787141,-0.0013034213,0.0040650482,0.0001805547,0.0086871178,-0.0044743048
2025-05-21,-0.0164425611,-0.0201044347,-0.0112114286,-0.0128274085,0.0311826293,0.0152461998
2025-05-22,-0.0040121354,-0.0069278422,-0.0132283545,-0.0075036773,0.0141310843,0.0396441506
2025-05-23,0.0031331455,0.0120738620,0.0022343168,0.0016595922,-0.0271013805,-0.0396798542
2025-05-26,0.0040157156,0.0021209954,-0.0031847353,-0.0057069369,0.0073934522,0.0023146138
2025-05-27,0.0107400360,0.0079366117,0.0073482724,-0.0031474664,-0.0002973085,0.0425198799
2025-05-28,-0.0054961158,-0.0081367403,-0.0031716743,-0.0079866601,-0.0160358301,0.0019982888
2025-05-29,-0.0025790737,-0.0079383689,-0.0060450886,0.0007489563,-0.0111243961,-0.0095447619
2025-05-30,-0.0101211223,-0.0016004476,-0.0108834587,-0.0252572391,-0.0196384013,-0.0430010378
2025-06-02,-0.0029106603,-0.0070120526,0.0058251542,0.0088291520,0.0281157580,0.0406281976
2025-06-03,0.0059879323,-0.0032307663,0.0003037998,-0.0005708826,-0.0126656392,-0.0137153208
2025-06-04,-0.0043898539,-0.0024302846,-0.0275015912,0.0045689375,-0.0127030617,-0.0002117298
2025-06-05,-0.0041850203,-0.0121820825,0.0003406602,0.0026529771,-0.0311149443,-0.0746749970
2025-06-06,-0.0014259095,0.0024669621,0.0105586193,0.0013229787,0.0190397522,0.0165613523
2025-06-09,-0.0024800980,-0.0051942403,-0.0168519729,0.0058512799,0.0524113244,0.0782363235
2025-06-10,0.0046712152,-0.0015505998,0.0301678516,0.0067555451,-0.0013585367,0.0481509933
2025-06-11,0.0046493820,0.0091667557,0.0332779552,-0.0087605505,-0.0115663692,-0.0115342401
2025-06-12,0.0051504250,0.0077070384,0.0225442082,-0.0065813895,-0.0317210984,-0.0501201126
2025-06-13,-0.0049754801,-0.0120184171,0.0245668528,-0.0132499822,0.0017999154,-0.0270043764
2025-06-16,0.0155235596,0.0182469842,-0.0098370571,0.0326107354,0.0069435114,-0.0147886411
2025-06-17,-0.0050709370,0.0059733716,0.0226638140,-0.0449563330,-0.0290645553,-0.0203286399
2025-06-18,0.0002954150,-0.0059379023,-0.0009105991,-0.0033067286,0.0030997468,0.0057956560
2025-06-20,-0.0112243708,-0.0051587361,-0.0027348073,-0.0257612534,-0.0155425459,-0.0468692729
2025-06-23,-0.0032112972,-0.0021836651,-0.0249848184,0.0126202340,0.0272417878,0.0112362784
2025-06-24,0.0044954379,0.0188731117,-0.0196873822,-0.0001977481,-0.0000461542,0.0063055994
2025-06-25,-0.0113373923,-0.0179863946,-0.0051005414,-0.0011872306,0.0154468612,-0.0087550202
2025-06-26,0.0106375227,-0.0073808871,0.0080102564,0.0301109035,0.0048685904,0.0073193997
2025-06-27,-0.0012691357,-0.0011019329,-0.0079466021,0.0167307652,-0.0133546050,-0.0113890685
2025-06-30,0.0153973609,0.0187481947,0.0054470484,-0.0041610905,0.0006755312,0.0260689768
2025-07-01,0.0049318965,0.0045392390,0.0035053259,0.0134852230,-0.0220936503,-0.0409570749
2025-07-02,-0.0044682141,-0.0080858697,0.0177833928,0.0363568184,0.0353305513,0.0744392540
2025-07-03,0.0147891579,0.0247282330,0.0034322484,-0.0047015251,0.0012664218,0.0016697356
2025-07-04,0.0015226705,0.0005300875,-0.0012438454,0.0029069490,-0.0178215017,-0.0348876523
2025-07-07,-0.0121625127,-0.0132518794,-0.0018679585,-0.0146740152,0.0043295079,0.0156439933
2025-07-08,-0.0021986300,-0.0024174168,0.0143481721,0.0034934429,0.0186842681,0.0414686985
2025-07-09,-0.0149834255,-0.0207319879,-0.0061501818,-0.0098937763,0.0140648148,0.0513352807
2025-07-10,-0.0037282827,-0.0307949364,-0.0024751770,0.0229458660,0.0678246627,0.0930038953
2025-07-11,-0.0008232962,-0.0082269351,0.0120968023,0.0130247111,0.0039863666,-0.0080633107
2025-07-14,-0.0105618252,-0.0017162757,-0.0131781478,-0.0114285387,0.0273729003,0.0262662393
2025-07-15,0.0021197576,0.0034385757,-0.0077637790,-0.0261922642,-0.0146294580,0.0448165559
2025-07-16,0.0002266282,0.0048541731,-0.0050079490,0.0090893048,0.0016666283,0.0668477777
2025-07-17,0.0005287562,0.0150610127,-0.0100661077,-0.0018383944,0.0074660632,0.0341231528
2025-07-18,-0.0163810534,-0.0181970630,-0.0152525268,0.0047883455,-0.0143397418,0.0171080022
2025-07-21,0.0069070904,0.0116909466,0.0019360703,0.0273093288,0.0008752051,0.0664206518
2025-07-22,-0.0003811208,-0.0135286720,0.0096618527,0.0258697516,0.0194552556,-0.0060304465
2025-07-23,0.0094548650,0.0111427664,0.0204146358,-0.0013912911,-0.0106219804,-0.0321367211
2025-07-24,-0.0121610440,-0.0093246115,-0.0015630024,-0.0154999110,-0.0117678651,0.0128511904
2025-07-25,-0.0025233356,0.0042782981,0.0012524129,-0.0146824351,-0.0055365090,0.0058505102
2025-07-28,-0.0091989036,-0.0210166206,0.0012507125,-0.0096947594,0.0106617508,0.0244607725
2025-07-29,0.0019342360,0.0058021185,0.0131167453,-0.0061638478,0.0038614874,0.0054793453
2025-07-30,0.0110424145,0.0115372344,0.0101726254,-0.0178766924,-0.0032037732,0.0014436898
2025-07-31,-0.0080194596,0.0025663695,-0.0039669872,-0.0070580211,-0.0172050929,-0.0288941808
2025-08-01,-0.0023867997,-0.0060425497,-0.0131741110,0.0054246152,-0.0169534906,-0.0523982192
2025-08-04,0.0033186127,0.0105924788,-0.0015521941,0.0080001132,0.0044133185,0.0545147321
2025-08-05,0.0012307974,0.0110482986,0.0046642206,-0.0012919675,-0.0155726674,-0.0361252377
2025-08-06,0.0102182068,0.0126085561,0.0012378058,-0.0062835351,0.0090323148,0.0212204288
2025-08-07,0.0154384265,0.0177091015,0.0055641662,0.0072530360,0.0132776768,0.0540285095
2025-08-08,-0.0045686084,0.0067969931,-0.0614816071,0.0227105387,-0.0149921899,0.0160338969
2025-08-11,-0.0030848217,0.0062110916,0.0062233583,-0.0010831984,0.0208884592,0.0576507248
2025-08-12,0.0196226876,0.0206655558,0.0026041621,0.0104824784,0.0140036588,0.0881031194
2025-08-13,-0.0106587889,-0.0094661311,-0.0074675021,0.0013957107,0.0186370374,0.0281929849
2025-08-14,-0.0022445237,-0.0013273270,-0.0127576354,-0.0123867876,-0.0421878001,-0.0455250770
2025-08-15,0.0014996772,-0.0034555001,-0.0003313624,-0.0018719273,-0.0048279808,-0.0205436583
2025-08-18,0.0057652313,0.0072017727,0.0062976890,-0.0022505255,-0.0113546490,-0.0302748599
2025-08-19,-0.0235241839,-0.0290561369,-0.0105400954,0.0007518673,-0.0230843623,-0.0492554866
2025-08-20,0.0048029648,0.0005506893,0.0059920352,-0.0045079694,0.0243274012,0.0761996116
2025-08-21,-0.0012898192,0.0011013573,0.0023162539,0.0084906601,-0.0213280180,-0.0307156873
2025-08-22,0.0267415398,0.0280451248,0.0287635428,0.0250701308,0.0387999995,0.1430869224
2025-08-25,-0.0002959178,-0.0050817422,0.0059075340,0.0023726566,-0.0652525063,-0.1020770745
2025-08-26,-0.0012582205,-0.0067203549,-0.0071777562,0.0089220719,0.0130677661,0.0497589724
2025-08-27,0.0093374424,0.0167793575,0.0075582881,-0.0005414096,-0.0012392989,-0.0172017896
2025-08-28,0.0154919285,0.0207613525,0.0088062843,0.0003611353,0.0093775644,-0.0016473632
2025-08-29,0.0013737434,0.0036505454,0.0054962805,0.0028881881,-0.0375673689,-0.0334593453
2025-09-01,-0.0015162940,0.0079967547,0.0022507123,0.0007198562,0.0113578174,-0.0069308611
2025-09-02,-0.0066526735,-0.0170189712,0.0051331913,-0.0037769904,0.0189729181,0.0036325339
2025-09-03,-0.0036398050,-0.0086569271,-0.0086180266,0.0037913101,0.0099834961,0.0343156567
2025-09-04,0.0083290672,0.0039691247,0.0000000000,0.0019783847,-0.0123733551,-0.0374138450
2025-09-05,0.0118831929,0.0110701723,-0.0151319373,0.0091546220,-0.0014079636,0.0011638571
2025-09-08,-0.0060865799,-0.0046923979,0.0039228378,0.0024901759,0.0069209277,-0.0055911579
2025-09-09,-0.0014409002,-0.0086431018,0.0078150867,-0.0030163472,-0.0033368311,0.0017219434
2025-09-10,0.0040403862,0.0007925665,0.0180937751,0.0069407695,0.0242483161,0.0117836214
2025-09-11,0.0057488002,0.0018479695,-0.0038084348,0.0077766172,0.0077260649,0.0198067304
2025-09-12,-0.0053586736,-0.0150198672,-0.0066900236,-0.0003507483,0.0025750854,0.0542376818
2025-09-15,0.0089073355,0.0165864570,0.0086594863,0.0087718574,-0.0125212008,-0.0465890458
2025-09-16,0.0046992074,-0.0026315719,0.0025437117,0.0034782755,0.0053410120,-0.0117933140
2025-09-17,0.0105591771,0.0142478259,0.0060259703,0.0017330737,-0.0068448271,0.0160775297
2025-09-18,-0.0004909349,0.0013007804,-0.0097730311,-0.0019030829,0.0084571574,0.0020857679
2025-09-19,0.0018241388,0.0132501500,-0.0111430281,0.0039867605,-0.0134433057,-0.0269907940
2025-09-22,-0.0056025480,-0.0143589820,0.0099809033,0.0013813353,-0.0224395161,-0.0570807693
2025-09-23,0.0094372582,0.0158688359,0.0168949482,-0.0056897747,-0.0039332507,-0.0063216649
2025-09-24,0.0006278960,-0.0066579403,0.0225705252,0.0038148174,0.0017364385,-0.0127400508
2025-09-25,-0.0079486780,-0.0079917184,-0.0079705123,0.0055277769,-0.0289608818,-0.0601327828
2025-09-26,0.0011245689,0.0049374070,-0.0033992310,-0.0192406474,0.0124649561,0.0499305302
2025-09-29,0.0070906662,0.0056891288,-0.0136434304,0.0033280236,0.0385563464,0.0407818199
2025-09-30,-0.0014638652,0.0046286683,-0.0110028423,0.0052374882,-0.0068452734,-0.0207085212
2025-10-01,-0.0050265372,-0.0179850096,-0.0025429033,0.0126780192,0.0398382183,0.0490492060
2025-10-02,-0.0107353265,-0.0109516350,-0.0095602312,0.0066883501,0.0189071960,0.0332461856
2025-10-03,0.0016312910,0.0073819343,-0.0025740614,-0.0018739044,0.0146189375,0.0074767480
2025-10-06,-0.0038946541,-0.0115152575,-0.0090322288,0.0170677594,0.0199502660,0.0379067714
2025-10-07,-0.0157816254,-0.0158857136,0.0035807004,-0.0140963696,-0.0307319294,-0.0546409482
2025-10-08,0.0054171182,0.0018831034,-0.0058384162,0.0076596593,0.0238192421,0.0253442521
2025-10-09,-0.0032327368,-0.0016111689,-0.0143557173,-0.0015203149,-0.0167979315,-0.0383606510
2025-10-10,-0.0067747924,-0.0010757698,-0.0089373227,-0.0040602994,-0.0624454599,-0.1134962588
2025-10-13,0.0068210033,0.0040388243,0.0096860241,0.0149482962,0.0457735086,0.1346789426
2025-10-14,-0.0000720325,0.0042907269,-0.0069467360,0.0000000000,-0.0291379677,-0.0386414447
2025-10-15,0.0054057948,0.0000000000,-0.0089940265,0.0185773755,-0.0175277378,-0.0303617400
2025-10-16,-0.0023657740,-0.0024033711,-0.0100840356,-0.0092014978,-0.0291799696,-0.0289869503
2025-10-17,0.0089105361,0.0034797480,0.0095076088,-0.0028191908,-0.0174146854,-0.0175012443
2025-10-20,0.0061966554,0.0178717307,0.0006727542,0.0128056515,0.0320803771,0.0320418132
2025-10-21,0.0012741040,-0.0094340588,-0.0080672004,-0.0016420767,-0.0258840522,-0.0328620177
2025-10-22,0.0030399996,0.0082010275,0.0115214445,0.0177632043,-0.0039386032,-0.0144125377
2025-10-23,0.0056384816,-0.0007872495,0.0113903530,-0.0019393385,0.0245211607,0.0149667736
2025-10-27,0.0092515236,0.0070902706,-0.0062935058,-0.0016190775,0.0346597637,0.0662924408
2025-10-28,0.0022222731,0.0033899183,-0.0003332799,0.0087576257,-0.0129479355,-0.0361507202
2025-10-29,0.0067904357,0.0223494250,0.0010003127,0.0181672354,-0.0285643914,-0.0227156896
2025-10-30,0.0027528829,-0.0012710950,-0.0043305889,0.0075793517,-0.0158254075,-0.0252843361
2025-10-31,0.0048730729,0.0038179220,-0.0046837209,0.0227237243,0.0161160484,0.0157927281
2025-11-03,0.0065568706,0.0166818247,0.0117647903,0.0013790762,-0.0287992854,-0.0649129278
2025-11-04,0.0010857275,-0.0029940449,0.0049833545,-0.0111705619,-0.0500187107,-0.0893322366
2025-11-05,0.0193181463,0.0042544871,0.0198346445,0.0171773158,0.0304827866,0.0482362866
2025-11-06,-0.0018619415,0.0000000000,0.0051864366,-0.0034991682,-0.0316752605,-0.0396504579
2025-11-07,0.0046635371,0.0009967713,0.0377296561,-0.0109924370,0.0187122046,0.0353865552
2025-11-10,0.0096153642,0.0067212160,0.0055936159,0.0066378695,0.0218205408,0.0351502094
2025-11-11,0.0167487885,0.0192879939,0.0259580165,-0.0026069192,-0.0358044214,-0.0503222501
2025-11-12,-0.0023255853,-0.0228046601,-0.0256025920,0.0110701184,-0.0164998702,-0.0042302415
2025-11-13,-0.0022014785,0.0039722386,0.0043278142,-0.0013686533,-0.0155025701,-0.0491349895
2025-11-14,0.0015573668,0.0039566273,0.0064635220,-0.0060910868,-0.0522272641,-0.0389515745
2025-11-17,-0.0035635808,-0.0073893997,0.0055046010,-0.0007660361,-0.0245722667,-0.0256979473
2025-11-18,-0.0016905814,-0.0049626237,0.0033455354,-0.0030666201,0.0157450277,0.0391571160
2025-11-19,-0.0099654712,-0.0062344558,-0.0051531387,-0.0010765742,-0.0174309468,-0.0334444396
2025-11-21,-0.0003289674,0.0030112190,-0.0076173612,0.0032333940,-0.0678132599,-0.0832790284
2025-11-24,0.0026325052,-0.0037527765,-0.0009210097,-0.0010743876,0.0509496196,0.0815942771
2025-11-25,0.0040695444,0.0022604888,-0.0079902359,0.0078353665,-0.0133232275,-0.0010684447
2025-11-26,0.0181081536,0.0235528744,-0.0015488931,0.0149390927,0.0349446100,0.0222169495
2025-11-27,-0.0026967905,-0.0034274694,0.0052746527,-0.0037549432,-0.0006374615,-0.0133774472
2025-11-28,0.0034123020,0.0228446339,-0.0188271780,0.0161314468,0.0005855869,0.0105340618
2025-12-01,-0.0022457882,-0.0077444241,0.0018873468,0.0077150677,-0.0541146812,-0.0799962253
2025-12-02,0.0158842522,0.0222759692,0.0069073227,0.0082451019,0.0623009148,0.0747140421
2025-12-03,0.0027219894,0.0000000000,0.0074836705,0.0322722057,0.0181986007,0.0587245793
2025-12-04,0.0182449463,0.0246327495,0.0064995306,0.0173998028,-0.0185573829,-0.0216640651
2025-12-05,-0.0440820938,-0.0462321184,-0.0353627215,-0.0236372165,-0.0293022654,-0.0344762706
2025-12-08,0.0069399882,0.0048473648,0.0092444195,-0.0068357812,0.0386105831,0.0583845863
2025-12-09,-0.0045088370,-0.0021708683,0.0063170322,0.0005736679,0.0211103212,0.0611065929
2025-12-10,0.0093820571,0.0078703161,0.0025110431,0.0183431794,-0.0069622544,0.0015638850
2025-12-11,0.0012179644,-0.0007606387,-0.0165936400,0.0132283896,0.0124181637,-0.0196991188
2025-12-12,0.0083872049,0.0088808735,0.0057306735,0.0028028381,-0.0356939269,-0.0584296715
2025-12-15,0.0118729849,0.0150906420,0.0034821528,0.0061215953,-0.0404073896,-0.0366468566
2025-12-16,-0.0264164622,-0.0257681339,-0.0302840088,0.0037665291,0.0155795860,-0.0008866147
2025-12-17,-0.0052204018,-0.0089014058,0.0110605738,0.0127001197,-0.0023087262,-0.0281897943
2025-12-18,0.0033041431,0.0051321867,-0.0057915203,0.0025651991,-0.0059268685,0.0004633042
2025-12-19,0.0028412917,0.0091905829,0.0035599096,0.0071074082,0.0314240378,0.0539118696
2025-12-22,-0.0014809770,0.0020238538,0.0029022968,0.0292166008,0.0077538232,0.0128193127
2025-12-23,0.0152188382,0.0164101816,0.0053776884,-0.0002741776,-0.0032082323,-0.0052714982
2025-12-26,0.0024773847,0.0003227373,0.0032992491,0.0030178566,-0.0138834155,-0.0251495594
2025-12-29,-0.0025979194,-0.0030691000,0.0105228527,-0.0136762081,0.0022888883,0.0071849048
2025-12-30,0.0037481502,0.0064136591,0.0029287873,-0.0022185127,0.0196973580,0.0174265952
